cust_id,cust_name,cust_type,geo1,geo2,onboarding_date
88836,Consultant Hotdog,SMB,Americas,Americas,2021-05-17
35781,Unsatisfactory,SMB,International,Western,2021-11-02
1319,Flybys,SMB,International,Central,2022-02-14
28099,Penalty Norm,SMB,Americas,Americas,2018-10-22
18142,Slogan,SMB,International,UKI,2021-11-16
54430,Wrests,SMB,Americas,Americas,2019-04-11
42192,City Background,SMB,International,UKI,2021-07-18
71015,Cake Monkeys Unsatisfactory,SMB,International,Central,2018-05-17
79937,Abundant Nestling,SMB,Americas,Americas,2018-10-20
54056,Suspect,SMB,Americas,Americas,2021-01-29
1769,Fade Tropical Faint,SMB,International,Central,2019-08-05
63821,Background Attenuation,SMB,Americas,Americas,2021-10-10
80591,Pricy Cage Lipid,SMB,International,Central,2020-06-01
68233,Expect,SMB,Americas,Americas,2018-04-06
89328,Misinterprets Background,Enterprise,Americas,Americas,2020-02-16
8748,Express Mortised,SMB,International,UKI,2022-04-05
73767,Penalty Fairways,SMB,Americas,Americas,2019-11-17
73965,Fairways Experiment,SMB,International,APAC,2020-05-10
71047,Operational,SMB,International,Western,2018-03-28
50489,Guideline Artist,SMB,Americas,Americas,2020-03-06
61532,Weapon,SMB,Americas,Americas,2021-09-25
79731,Quote Shirking,SMB,International,UKI,2018-07-01
30421,Door Fuel,SMB,International,APAC,2020-04-29
44736,Heart Complication,SMB,Americas,Americas,2019-03-26
57940,Imposter Suspect,SMB,Americas,Americas,2019-05-04
17791,Submersible Absence,SMB,Americas,Americas,2020-06-04
66567,Misinterprets Decoration,SMB,Americas,Americas,2018-09-29
91057,Spammers Headwords,Enterprise,Americas,Americas,2018-08-04
192,Reoccupy,SMB,Americas,Americas,2018-02-24
49181,Look Hotdog,SMB,International,UKI,2018-08-15
77215,Pilasters,SMB,Americas,Americas,2022-01-16
7282,Reoccupy Banner,SMB,Americas,Americas,2018-12-17
6579,Fief Dynamic,SMB,Americas,Americas,2019-06-19
87369,Militarization Difficult Proficients,SMB,Americas,Americas,2018-10-30
67268,Stokers Spend Libretti,SMB,Americas,Americas,2020-11-19
30301,Neighbour Pivots,SMB,Americas,Americas,2018-09-08
87074,Votes Poinsettias Mariachis,Enterprise,International,Central,2021-02-01
60426,Pattern Background,SMB,International,UKI,2019-02-20
39580,Beekeeper,SMB,International,UKI,2019-12-16
31200,Stokers Native,SMB,Americas,Americas,2018-04-23
26040,Resident,SMB,International,Japan,2021-07-23
95874,Mariachis,SMB,International,Western,2020-06-27
67387,Determined Permanent,SMB,Americas,Americas,2022-01-22
73658,Native Vials Preponderance,SMB,Americas,Americas,2019-05-20
1143,Heart,SMB,International,UKI,2021-10-14
96068,Fairways Plated,SMB,International,UKI,2022-05-01
98069,Industry,SMB,International,APAC,2020-06-11
71420,Regulation Operational Gargoyles,SMB,Americas,Americas,2018-08-10
82402,Professional Cables Air,SMB,International,Central,2021-01-29
60224,Welling Similar,SMB,International,UKI,2022-01-21
79491,Plane,SMB,Americas,Americas,2018-02-14
92285,Title Bulb Plot,SMB,International,UKI,2018-03-03
1336,Rabbited,SMB,International,Western,2018-08-26
49193,Modernize,SMB,International,Western,2020-01-17
25901,Bobolinks Dome Refresher,SMB,International,UKI,2018-03-07
95589,Drooping,SMB,International,UKI,2020-06-10
11683,Pier Patch,SMB,Americas,Americas,2018-03-29
81675,Jesting Ingot Preponderance,SMB,Americas,Americas,2018-12-08
54646,Sawn Rippling Odoriferous,Enterprise,International,Central,2018-06-20
71129,Back Fade Disjointed,SMB,Americas,Americas,2019-03-02
84293,Relative Heart,SMB,Americas,Americas,2021-12-12
36867,Engine Dynamic,SMB,International,UKI,2018-10-19
10038,Proud Flybys Dialogue,SMB,International,UKI,2018-10-28
50007,Speech Cherished Arrow,SMB,International,UKI,2018-02-20
97546,Applied,SMB,Americas,Americas,2018-07-08
80774,Uncorking Fixate,SMB,Americas,Americas,2022-05-06
38811,Coat Sawn,SMB,International,UKI,2020-10-15
41519,Ingot,SMB,International,Central,2018-10-25
88091,Carjacks Delivery Porcupine,SMB,International,UKI,2018-03-05
44104,Deposit,SMB,Americas,Americas,2021-01-28
83922,Gees,SMB,Americas,Americas,2021-05-05
13681,Submersible,SMB,Americas,Americas,2019-08-18
85071,Notorious,SMB,Americas,Americas,2019-10-13
78761,Image Paint Attenuation,SMB,International,UKI,2018-05-28
11716,Loop Misinterprets,Enterprise,International,Japan,2019-07-24
54833,Dozen Coat Unrest,SMB,International,UKI,2021-05-29
69472,Pivots,Enterprise,Americas,Americas,2019-07-07
6508,Enter Revive,SMB,Americas,Americas,2020-12-09
28638,Proud Artist Arrow,SMB,International,UKI,2020-02-12
99041,Currycombs,Enterprise,International,Japan,2018-04-05
22198,Surfeiting Delivery,Enterprise,International,Central,2018-12-25
8181,Stokers Spill,SMB,International,UKI,2019-04-10
60391,Privy Express,SMB,International,Western,2019-08-27
55289,Roar,SMB,Americas,Americas,2021-07-10
54940,Engine Plead,SMB,International,UKI,2017-12-08
39775,Extemporaneous,Enterprise,International,APAC,2020-01-29
31621,Silence,Enterprise,International,UKI,2021-02-23
26330,Match Refused Image,SMB,Americas,Americas,2018-07-12
61023,Seasonal Bootblack Half,Enterprise,Americas,Americas,2022-02-18
34883,Explain,SMB,International,UKI,2019-03-17
77649,Laser Hoists,SMB,International,APAC,2019-09-23
51268,Queen Hoteliers,Enterprise,Americas,Americas,2018-03-04
1606,Cage Transparencies Millinery,SMB,International,Central,2019-09-04
14742,Flowers Alleging,Enterprise,International,Central,2019-08-18
72658,Scholar Bathroom Similar,SMB,International,Western,2020-03-09
68560,Expand Refresher,SMB,International,UKI,2017-11-20
95262,Determined Hardware,SMB,International,Central,2020-11-09
78428,Pit Stokers,SMB,International,UKI,2018-11-12
5314,Pivots Lime,SMB,International,UKI,2020-07-27
66025,Innovation Entangle,SMB,Americas,Americas,2021-09-04
74352,Speech Monkeys,SMB,Americas,Americas,2019-10-18
40558,Drawing,SMB,International,Western,2018-03-07
88331,Clubbing Soundproofing,Enterprise,International,UKI,2020-04-14
98892,Hair Perambulate Immaterial,SMB,Americas,Americas,2019-04-13
15568,Dome Unrest Article,SMB,International,UKI,2020-12-22
43364,Enforcers Imperilling Exhibition,SMB,Americas,Americas,2018-01-04
87136,Welling,SMB,Americas,Americas,2020-04-27
57186,Induct,SMB,Americas,Americas,2019-04-13
3821,Evoke Spend,SMB,International,UKI,2019-05-30
2939,Weapon Radio Ingot,SMB,International,UKI,2021-08-17
82232,Look,Enterprise,International,UKI,2019-12-19
81152,Sprinted Pastel Exhibition,SMB,Americas,Americas,2022-03-03
60968,Fatefully Swashing,SMB,Americas,Americas,2018-04-02
99657,Chigger,SMB,Americas,Americas,2019-05-04
71870,Determined Respect,SMB,Americas,Americas,2019-05-18
54357,Evoke,Enterprise,International,UKI,2021-04-27
21416,Understanding Revenge,SMB,International,Western,2019-12-10
7966,Dialogue Ladings,SMB,International,Central,2021-04-07
28158,Induct Guideline Hardware,Enterprise,International,Central,2019-03-12
30773,Reverse,SMB,International,Central,2021-09-28
32245,Treaty,SMB,Americas,Americas,2019-06-10
4996,Constraint Consultant,SMB,International,Western,2022-04-12
79832,Proficients Clubbing,SMB,International,UKI,2021-03-06
23895,Beautiful,SMB,Americas,Americas,2018-07-20
28277,Carmines Custody,SMB,Americas,Americas,2019-06-02
71435,Wrests Decoration,Enterprise,Americas,Americas,2020-12-27
15048,Induct Ritualism,SMB,International,Central,2019-12-24
54493,Wardrobe Lime,SMB,Americas,Americas,2020-01-15
63272,Refresher Extemporaneous,SMB,Americas,Americas,2022-01-05
43789,Cheat,SMB,International,UKI,2018-09-14
35974,Gardened,SMB,Americas,Americas,2019-09-22
76674,Friend Ravish,SMB,Americas,Americas,2017-12-31
54302,Consumer,SMB,Americas,Americas,2021-06-07
27096,Odoriferous Gilding,SMB,International,UKI,2019-08-23
81374,Wimpled Ankle,SMB,Americas,Americas,2019-02-27
17327,Ally,SMB,Americas,Americas,2018-05-30
28053,Spammers Chunky,SMB,International,UKI,2021-03-04
1475,Coexists Plane,SMB,Americas,Americas,2020-12-19
90433,Beautiful Fidgeted,SMB,Americas,Americas,2018-09-04
68529,Braid,SMB,Americas,Americas,2018-10-01
24121,Misinterprets Combining Deposit,SMB,Americas,Americas,2021-07-17
83779,Fief Transparencies,SMB,Americas,Americas,2018-01-29
48483,Clubbing Respect Lime,SMB,Americas,Americas,2022-01-14
6033,Lamp,SMB,Americas,Americas,2018-11-04
19756,Machinery,SMB,Americas,Americas,2018-11-11
60601,Habit Flowers Panel,SMB,International,Western,2018-11-15
62280,Classify Slogan,SMB,International,UKI,2021-04-11
64206,Native,SMB,Americas,Americas,2018-11-14
19270,Hair,SMB,International,UKI,2018-04-03
50342,Resource,SMB,International,Central,2018-04-03
31712,Norm,SMB,Americas,Americas,2020-03-19
85218,Housebreaking,SMB,Americas,Americas,2020-11-02
19119,Brackets End Lamp,SMB,Americas,Americas,2019-07-05
81473,Lamp Code Evoke,SMB,International,UKI,2018-03-07
80810,Routinize,SMB,Americas,Americas,2022-04-15
79834,Attention,SMB,International,UKI,2018-10-28
76621,Pricy Stable Someone,SMB,International,UKI,2021-02-05
51102,Footnote,SMB,International,UKI,2019-03-10
87465,Pricy,SMB,Americas,Americas,2022-02-26
37438,Hoists Financial,Enterprise,International,Japan,2020-02-24
91630,Cheat Goal,Enterprise,International,Central,2019-09-20
82744,Native Noncombatants Slogan,SMB,International,UKI,2018-06-19
30795,Shirking Cage,SMB,Americas,Americas,2018-05-25
30440,Lot Hoists Imperilling,Enterprise,International,UKI,2018-03-17
85532,Hyphenation,SMB,Americas,Americas,2021-08-28
28815,Hotdog Pen,SMB,International,UKI,2018-12-06
96771,Headwords Inappropriate Privy,SMB,Americas,Americas,2021-06-23
569,Regulation Resource,SMB,International,UKI,2018-06-01
65586,Figure,SMB,Americas,Americas,2018-08-25
88771,Article,Enterprise,Americas,Americas,2021-08-16
34463,Figure Carmines,SMB,International,Japan,2020-03-07
61934,Proficients,Enterprise,International,Western,2022-04-15
92827,Carjacks Census Selloff,SMB,Americas,Americas,2020-02-20
53750,Guideline Deny,SMB,International,Western,2019-04-16
16342,Pealing Peace,SMB,Americas,Americas,2018-11-14
68368,Degree Permanent,SMB,International,APAC,2019-11-29
87304,Dynamic Chair Breeze,SMB,International,Central,2020-02-24
65985,Difficult Vision,Enterprise,Americas,Americas,2020-03-23
77930,Exhibition Ceremony,SMB,Americas,Americas,2019-07-31
11177,Idle Coasters,SMB,Americas,Americas,2019-01-14
47722,Plated Royalty,SMB,International,Western,2019-09-26
52609,Habit Pen,SMB,Americas,Americas,2019-07-24
84813,Cupboard,SMB,International,Central,2017-12-14
14373,Respect,SMB,International,Japan,2018-07-07
38055,Balloted Hyphenation,SMB,International,UKI,2019-01-06
30886,Herd,SMB,Americas,Americas,2018-11-06
35529,Freeze Vertical,SMB,International,Western,2021-08-28
64710,Bay,SMB,International,Japan,2020-10-29
34145,Trench Stable,SMB,International,UKI,2021-04-05
61162,Disjointed Monkeys Delineated,SMB,International,UKI,2018-11-21
60693,Sunflower,Enterprise,Americas,Americas,2021-05-17
97294,Sow Flowers,SMB,Americas,Americas,2021-06-25
31208,Bucket Expand,SMB,Americas,Americas,2018-01-14
66521,Bulb Proficients,SMB,International,UKI,2021-02-15
89314,Pricy Sweater Notables,SMB,Americas,Americas,2021-07-07
18421,Match,Enterprise,Americas,Americas,2021-11-01
89150,Induct Flying,SMB,Americas,Americas,2020-10-26
15638,Attenuation Silence,SMB,International,UKI,2018-12-14
23769,Millinery,Enterprise,Americas,Americas,2021-12-19
79966,Refresher Brackets,SMB,International,UKI,2018-09-27
34531,Internalized Continuation,SMB,Americas,Americas,2020-08-18
69602,Concentrates Footnote,SMB,International,Western,2020-02-25
74758,Decoration,SMB,International,Western,2019-04-15
7338,Meadowlark Melancholics,SMB,Americas,Americas,2021-12-30
24733,Rippling Fatefully,SMB,Americas,Americas,2018-05-16
7383,Air Potbellies,SMB,Americas,Americas,2021-10-19
68764,Permanent Slimiest,SMB,International,Japan,2021-02-26
90631,Mortised Sprinted,SMB,International,Central,2021-07-16
85534,Thankful,SMB,Americas,Americas,2017-12-16
99456,Feline Penalty,SMB,Americas,Americas,2020-10-31
91260,Panel Extemporaneous Migrations,SMB,International,UKI,2017-11-20
52139,Rabbited Vertical,SMB,International,Central,2018-06-20
51265,Breast Genuine Silence,Enterprise,International,APAC,2019-11-05
81177,Bitter Carjacks,SMB,Americas,Americas,2019-11-19
96032,Plastering Scholar,SMB,International,Western,2021-09-29
23174,Delivery,SMB,International,UKI,2018-10-22
6367,Upbraids Look Hoteliers,SMB,Americas,Americas,2019-06-18
40789,Statement Comprehensive Latch,SMB,International,Japan,2019-07-09
97798,Stock Tired,SMB,Americas,Americas,2020-11-11
37143,Resident Switch,SMB,International,UKI,2019-05-01
77184,Pie,SMB,Americas,Americas,2018-02-26
15567,Lean,SMB,Americas,Americas,2018-07-13
7265,Refresher,SMB,International,Western,2022-02-27
86722,Dimension,SMB,Americas,Americas,2020-03-17
42390,Fixate,SMB,International,Central,2021-04-08
2158,Expect Refresher,SMB,International,UKI,2018-02-24
44746,Underestimates Blinder Split,SMB,International,Central,2022-04-11
5200,Surest Innovation,SMB,Americas,Americas,2020-06-20
9658,Plated,SMB,Americas,Americas,2019-08-30
88726,Deploying,SMB,Americas,Americas,2018-11-28
84930,Taught Beautiful,SMB,International,Western,2021-04-25
47638,Attention Bulb,SMB,International,UKI,2019-03-02
56827,Scan,SMB,International,APAC,2021-07-29
64728,End Lean Cornerstones,SMB,International,Western,2018-10-20
4019,Vision Dialogue,SMB,Americas,Americas,2020-09-02
37215,Software Stock Nestling,SMB,International,UKI,2019-06-05
76903,Consumer Lamp,SMB,Americas,Americas,2021-12-09
61475,Long Freeze,SMB,Americas,Americas,2022-03-28
48645,Monkeys,SMB,Americas,Americas,2019-02-06
59388,Deploying Immaterial,SMB,International,Western,2019-01-18
24120,Conception,SMB,International,Central,2020-06-29
45167,Lean Complex,Enterprise,International,Central,2019-06-20
85188,Revenge Microeconomics,SMB,Americas,Americas,2018-07-27
98166,Complex Hair Financial,SMB,International,UKI,2018-07-20
17214,Trenchant Achieve,SMB,International,Central,2018-09-04
44673,Dragon Neighbour,SMB,Americas,Americas,2018-10-18
36527,Artist Scaffold,SMB,International,UKI,2021-08-14
84898,Revive Cake,SMB,Americas,Americas,2021-01-11
85825,Entangle Grungy,SMB,Americas,Americas,2019-10-28
39748,Pricy Gees Rely,SMB,Americas,Americas,2021-04-05
4751,Fixate Spontaneous Deny,SMB,International,Western,2021-12-13
97774,Bulb Pit,SMB,International,UKI,2018-12-22
38624,Privy Paw,SMB,International,Western,2019-08-26
25823,Switch,SMB,Americas,Americas,2020-10-12
2940,Verdigrised Refresher Long,SMB,Americas,Americas,2021-05-16
38996,Grindstone Coat,SMB,International,Central,2018-04-08
66323,Share Complex,SMB,International,Central,2018-01-05
83771,Trench Privy,SMB,Americas,Americas,2018-02-11
17975,Node Understanding Pit,SMB,International,UKI,2020-11-06
22748,Continuation Permanent,SMB,Americas,Americas,2019-10-26
7016,Refund Hoteliers Pier,SMB,Americas,Americas,2021-11-02
47024,Jesting,SMB,International,Western,2020-10-14
20172,Potbellies Abundant Nesting,SMB,Americas,Americas,2020-05-06
29606,Headwords,SMB,Americas,Americas,2019-04-10
54692,Meadowlark Welling Spontaneous,SMB,International,Japan,2022-01-19
3126,Paw Silence,Enterprise,Americas,Americas,2019-01-11
65950,Lime Enhance,SMB,Americas,Americas,2021-10-08
40511,Achieve,SMB,Americas,Americas,2022-01-08
95188,Gilding Restaurant Sock,SMB,Americas,Americas,2021-09-14
21305,Plastering,SMB,International,Central,2020-01-18
83820,Exhibition Organizational,SMB,Americas,Americas,2019-04-17
20813,Cake Microeconomics,SMB,International,Western,2022-02-27
99604,Transparencies Braid,SMB,Americas,Americas,2020-08-06
71373,Hoists Determined,SMB,International,Japan,2021-03-30
56163,Runner,Enterprise,International,Western,2020-10-28
62394,Predestine Jocundly,Enterprise,Americas,Americas,2018-08-07
1081,Achieve Loopy Modernize,SMB,Americas,Americas,2020-08-08
89934,Metric Heart Relative,SMB,Americas,Americas,2018-02-22
53915,Tilt,SMB,Americas,Americas,2020-04-05
24800,Unrest,SMB,International,UKI,2017-12-06
54624,Trenchant,SMB,Americas,Americas,2018-04-08
31652,Pealing,SMB,Americas,Americas,2019-01-19
86863,Transparencies Settle,SMB,International,Japan,2021-03-22
92307,Slimiest Scan Metric,SMB,Americas,Americas,2019-12-16
26299,Scan Selloff Absence,SMB,International,UKI,2021-03-18
32233,Welling Hotdog,Enterprise,Americas,Americas,2022-03-05
96676,Verdigrised,SMB,Americas,Americas,2019-03-31
19452,Expertise,SMB,Americas,Americas,2019-10-26
96164,Revive Inspector,SMB,International,Western,2018-11-06
76001,Galloped,SMB,International,Japan,2021-02-19
6954,Striker Diamond,SMB,International,Japan,2020-03-12
89493,Privy Debt,SMB,Americas,Americas,2020-06-24
31592,Workshop Pastel,SMB,Americas,Americas,2019-04-01
41625,Orthopaedist Beholding,SMB,International,UKI,2019-04-02
57804,Transparencies Misinterprets,SMB,International,Japan,2021-01-05
3453,Internalized,SMB,International,UKI,2018-08-07
54991,Small,SMB,International,UKI,2019-12-13
6895,Pilasters Tropical,SMB,International,UKI,2018-02-28
94718,Staling,SMB,Americas,Americas,2018-03-10
42228,Melancholics,SMB,International,UKI,2021-08-10
62337,Stable Reverse Enter,SMB,Americas,Americas,2021-02-12
73046,Enter,SMB,Americas,Americas,2018-05-17
72642,Plane Gardened Census,SMB,Americas,Americas,2021-07-17
44230,Decoration Polygraphed,SMB,Americas,Americas,2019-06-25
22553,Ladings,SMB,International,Japan,2018-10-27
76449,Tired Deposit,SMB,Americas,Americas,2019-05-05
32378,Sunflower Expertise,SMB,International,UKI,2022-05-07
71989,Gargoyles Rig,SMB,International,UKI,2018-08-18
36115,Fairways,SMB,International,APAC,2020-02-24
18690,Difficult Deny Hardware,SMB,Americas,Americas,2019-05-28
52665,Importing Express,SMB,Americas,Americas,2021-09-10
89782,Expand,SMB,Americas,Americas,2021-11-03
14336,Stride,SMB,Americas,Americas,2021-01-24
30879,Preach Background Unrest,SMB,International,Western,2021-07-01
39942,Sardonically Hyphenation Monkeys,SMB,International,Western,2018-09-29
52858,Unsatisfactory Wimpled,SMB,Americas,Americas,2021-04-23
63025,Dragon,SMB,Americas,Americas,2021-10-04
47875,Scaffold Deploying,SMB,International,UKI,2021-05-11
59488,Pit Nesting,SMB,International,UKI,2019-07-13
82815,End Taught,SMB,International,UKI,2018-05-31
79568,Revive Footnoting,SMB,Americas,Americas,2020-10-07
71548,Porcupine Cornerstones,Enterprise,Americas,Americas,2017-12-31
31725,Continuation Surest Jocundly,SMB,Americas,Americas,2020-01-19
1683,Twice Fidgeted Surfeiting,SMB,Americas,Americas,2021-06-12
80456,Surfeiting Hoists Coasters,SMB,International,UKI,2020-08-14
3127,Match Pealing,SMB,Americas,Americas,2017-12-21
8618,Clarify,SMB,Americas,Americas,2017-12-07
90274,Door,SMB,International,UKI,2018-04-13
35149,Bobolinks,SMB,Americas,Americas,2021-07-26
33362,Restaurant Constraint,SMB,International,Central,2018-08-24
6549,Expect Banner,SMB,Americas,Americas,2019-03-15
376,Stokers Expertise,Enterprise,International,Western,2020-01-20
4463,Node,SMB,Americas,Americas,2021-05-02
85221,Ritualism,SMB,International,UKI,2021-04-28
49722,Indulge Weapon,SMB,International,Central,2020-05-17
5977,Complex Statement,SMB,Americas,Americas,2021-04-10
50689,Clambake Meadowlark Penalty,SMB,International,APAC,2020-11-02
68187,Lime Deposit,SMB,Americas,Americas,2021-11-02
1517,Fairways Similar Organizational,SMB,International,Central,2020-06-21
98184,Rejoicing Epsilon Sunflower,SMB,International,Japan,2021-03-19
864,Importing Resident,SMB,International,Central,2019-04-11
61294,Machinery Fuel Bitter,SMB,Americas,Americas,2018-06-01
43283,Engine,SMB,Americas,Americas,2020-05-02
60863,Queen Idle,SMB,International,UKI,2019-11-21
87307,Long Rejoicing Royalty,SMB,International,Western,2022-01-26
97438,Meadowlark Sock,SMB,Americas,Americas,2021-07-02
2411,Underestimates Debt End,SMB,International,Western,2019-12-02
40959,Curios Soundproofing Bootblack,SMB,Americas,Americas,2018-10-26
59564,Lipid Conspire Organizational,SMB,International,Western,2019-10-10
47538,Vertical Banner,SMB,Americas,Americas,2019-08-03
69177,Bottom Bay,SMB,Americas,Americas,2020-10-21
8072,Beekeeper Gees,SMB,International,Western,2021-01-04
69343,Combining Chunky,SMB,International,Central,2019-07-01
15053,Back Sequestered,SMB,International,Western,2021-12-23
8161,Transparencies Sprinted,Enterprise,International,Central,2019-08-30
82467,Preach Someone,SMB,International,Central,2020-03-11
16751,Loopy Seasonal,SMB,International,UKI,2021-12-19
65743,Shirking Fief Bottom,SMB,Americas,Americas,2018-11-28
86138,Continuous Republic Inspector,SMB,Americas,Americas,2021-12-22
64797,Revive Rabbited Poinsettias,SMB,Americas,Americas,2019-12-03
30259,Bottom Interlace,SMB,International,UKI,2019-08-28
48041,Migrations Drooping,SMB,International,UKI,2017-12-23
60265,Sock,SMB,Americas,Americas,2021-06-23
90030,Misjudged Someone,SMB,Americas,Americas,2018-01-01
97605,Trait Suspect,SMB,International,Japan,2021-02-17
79957,Twice,SMB,International,Central,2020-03-06
4090,Flowers Roar,SMB,International,UKI,2019-08-14
3769,Custody Royalty,SMB,International,UKI,2019-08-01
87475,Switch Sweater Blinder,SMB,International,Western,2021-08-11
95654,Chunky Expertise,SMB,Americas,Americas,2018-01-12
62082,Orthopaedist Latch,SMB,Americas,Americas,2019-01-27
13568,Exhibition,SMB,Americas,Americas,2022-02-03
38753,Beautiful Predestine Nesting,SMB,Americas,Americas,2019-12-22
52224,Conception Match Stride,SMB,Americas,Americas,2018-10-06
88253,Attenuation Polygraphed Chunky,SMB,International,UKI,2018-11-04
14632,Mayor Chigger,SMB,Americas,Americas,2017-11-15
80193,Banner Long,SMB,International,UKI,2019-03-06
98727,Housebreaking Conspire,SMB,Americas,Americas,2022-03-08
9322,Precede Share Switch,SMB,Americas,Americas,2021-03-05
39145,Headwords Misjudged,SMB,Americas,Americas,2021-10-25
3338,Figure Quote Importing,SMB,Americas,Americas,2022-04-08
79650,Induct Welling Treaty,SMB,Americas,Americas,2018-05-25
17064,Relative Clubbing,SMB,International,Central,2018-11-07
62610,Slogan Noncombatants,SMB,Americas,Americas,2022-01-05
71203,Surfeiting Cake,SMB,Americas,Americas,2021-01-21
85021,Stock Preference Pie,SMB,International,UKI,2021-12-17
64860,Workshop Guideline Delineated,SMB,Americas,Americas,2022-01-27
25809,Latch,SMB,Americas,Americas,2020-09-07
60085,Poinsettias,SMB,International,UKI,2018-05-20
37352,Clambake,SMB,International,UKI,2018-11-13
21541,Ingot Refused,SMB,International,UKI,2019-07-11
62135,Beekeeper Expertise,SMB,Americas,Americas,2020-11-09
20143,Slimiest Housebreaking,Enterprise,International,UKI,2019-03-18
88255,Half,SMB,International,UKI,2020-10-30
30549,Interlace,SMB,Americas,Americas,2021-01-09
8311,Immaterial Trench,SMB,International,UKI,2020-08-01
64434,Permanent,SMB,Americas,Americas,2019-09-27
47616,Porcupine,SMB,Americas,Americas,2020-06-12
80342,Custody,SMB,Americas,Americas,2019-12-31
17205,End Immaterial,SMB,International,UKI,2020-11-01
77203,Imperilling,SMB,International,Western,2018-05-09
64492,Bury,SMB,International,Western,2020-10-10
63090,Picture Parking,SMB,Americas,Americas,2021-08-21
28151,End Bland,SMB,International,UKI,2019-09-29
56593,Lamp Proud,SMB,Americas,Americas,2018-05-19
33977,Hierarchy Mayor,SMB,Americas,Americas,2021-07-14
89647,Consultant,SMB,International,UKI,2020-09-10
37147,Polygraphed Refused,SMB,International,Western,2020-05-23
21889,Fuel Welling,Enterprise,Americas,Americas,2018-08-09
28069,Stokers Trench,SMB,International,Central,2018-09-15
26820,Junior,SMB,International,Western,2020-06-29
43610,Ally Shirking,SMB,Americas,Americas,2019-05-17
9578,Methodology Organize,SMB,International,UKI,2018-02-10
22607,Attention Predestine,SMB,International,Western,2019-12-19
33655,Currycombs Stable Railroad,SMB,Americas,Americas,2019-04-18
96966,Vertical Distensions,SMB,International,UKI,2019-05-10
17285,Migrations Taps,SMB,International,UKI,2020-11-30
43910,Blank Clarify,SMB,International,UKI,2018-11-08
82339,Privy,SMB,International,Western,2021-03-22
58984,Coasters,SMB,International,Western,2019-03-19
47242,Footnoting Seasonal,SMB,International,APAC,2022-03-01
22138,Chair Carmines Comprehensive,SMB,International,UKI,2018-10-31
46887,Shirking,SMB,Americas,Americas,2021-04-17
61772,Difficult Peace,SMB,Americas,Americas,2018-05-21
94075,Artist Ladings,SMB,Americas,Americas,2018-12-10
2663,Hotdog,SMB,International,UKI,2020-07-01
45294,Grindstone,SMB,International,Central,2018-06-16
9900,Friend,SMB,Americas,Americas,2020-11-25
76587,Restaurant,SMB,International,UKI,2019-11-09
67918,Pen Misjudged,SMB,International,UKI,2021-03-01
36896,Spend,SMB,Americas,Americas,2019-03-19
7862,Privy Tropical,SMB,International,UKI,2021-03-07
87377,Engine Taps,SMB,Americas,Americas,2018-04-03
60908,Expertise Cell,SMB,International,UKI,2018-01-14
18224,Flying Enforcers,Enterprise,Americas,Americas,2021-06-27
95495,Trench,SMB,International,Japan,2020-05-23
41583,Vials,SMB,International,Central,2020-10-31
14934,Plated Patch Methodology,SMB,International,UKI,2021-11-20
86266,Look Dynamic Relative,SMB,Americas,Americas,2022-04-08
76814,Comprehensive Odoriferous,SMB,International,Western,2020-09-07
90186,Dragon Half Staling,SMB,International,APAC,2021-11-01
94742,Air Complex,SMB,Americas,Americas,2019-11-09
65471,Constraint Trench Lamp,SMB,International,Central,2018-09-03
5175,Pricy Refund,SMB,International,Western,2019-05-19
46248,Proportional Polygraphed,SMB,International,UKI,2020-06-20
6058,Similar,Enterprise,International,UKI,2022-01-11
63775,Industry Microeconomics,SMB,Americas,Americas,2020-07-18
38653,Hoodies Hardens,SMB,International,Western,2020-02-12
14551,Rely Proficients Roar,SMB,International,Japan,2020-11-25
97982,Demarcating Sequestered,Enterprise,Americas,Americas,2019-08-30
7714,Fuel Tired,SMB,International,Central,2019-08-27
41729,Ravish,SMB,Americas,Americas,2019-02-03
99646,Melancholics Absence Pie,SMB,Americas,Americas,2019-02-19
939,Spammers,SMB,Americas,Americas,2021-01-02
73921,Long,SMB,Americas,Americas,2020-06-24
78116,Organize,Enterprise,International,Western,2022-04-18
70403,Dynamic Lazied,SMB,International,APAC,2019-09-20
60285,Trenchant Parking,SMB,Americas,Americas,2019-07-04
87997,Incredible Notorious Combining,SMB,International,UKI,2019-06-29
99142,Internalized Militarization Article,SMB,Americas,Americas,2018-11-12
26481,Difficult,SMB,Americas,Americas,2018-04-27
39777,Queen,SMB,Americas,Americas,2020-08-24
20850,Reoccupy Grungy Cell,Enterprise,Americas,Americas,2019-01-09
13135,Flying Plated,SMB,International,Central,2020-06-12
42891,Title,Enterprise,Americas,Americas,2018-10-28
51916,Mornings Votes Patch,SMB,Americas,Americas,2018-04-08
92694,Surest Paw,SMB,Americas,Americas,2020-11-24
39902,Lamp Surest,SMB,Americas,Americas,2019-06-01
55217,Chunky,SMB,International,UKI,2020-05-19
16782,Conspire Node,SMB,International,UKI,2018-03-07
90650,Fade Back Flowers,Enterprise,International,Central,2019-03-19
54239,Parking Industry,SMB,Americas,Americas,2020-09-30
75621,Meadowlark Swashing,SMB,Americas,Americas,2020-06-07
66927,Cake Childishly,SMB,International,UKI,2020-05-30
96490,Rippling,SMB,Americas,Americas,2022-02-01
26906,Care Proficients,SMB,International,UKI,2019-02-05
40656,Preference Innovation,SMB,Americas,Americas,2021-01-06
1333,Tropical Lamp,SMB,International,UKI,2019-03-28
38614,Clubbing,SMB,International,Central,2018-06-11
53461,Proportional Miserable,SMB,International,Central,2021-11-03
13073,Spammers Complex,SMB,International,Japan,2020-06-13
16588,Galloped Gilding Parking,SMB,International,UKI,2021-06-21
8837,Precede Queen,SMB,Americas,Americas,2021-07-17
35620,Wimpled Spend,SMB,International,Western,2021-11-04
82506,Childishly Loopy,SMB,International,Central,2018-08-19
43352,Sow,SMB,International,UKI,2021-10-14
65146,Habit,Enterprise,Americas,Americas,2019-07-25
34610,Pivots Herd,SMB,Americas,Americas,2019-05-07
10939,Combining Switch Coasters,SMB,Americas,Americas,2018-08-11
1471,Loop,SMB,International,Central,2020-09-03
66127,Vertical Enforcers,Enterprise,Americas,Americas,2020-05-30
30393,Poinsettias Millinery,SMB,International,Central,2019-08-24
95058,Constraint,SMB,International,UKI,2022-03-21
42690,Timetable,SMB,International,Japan,2018-05-20
19134,Guess,SMB,International,Central,2021-08-15
23324,Pealing Pie,Enterprise,International,Japan,2022-03-02
50810,Privy Evoke,SMB,Americas,Americas,2020-12-30
51083,Understanding Incredible,SMB,International,UKI,2022-02-08
37957,Patch,SMB,International,UKI,2018-07-10
17165,Alleging,SMB,Americas,Americas,2021-09-03
165,Small Bland,SMB,International,UKI,2021-02-27
50447,Explain Gardened,SMB,Americas,Americas,2019-03-31
38475,Preponderance,SMB,International,UKI,2018-02-23
25833,Neighbour Understanding,Enterprise,Americas,Americas,2021-01-02
48265,Dialogue,SMB,Americas,Americas,2021-10-29
55700,Fade,SMB,Americas,Americas,2019-03-07
6181,Genuine Stride,SMB,Americas,Americas,2019-10-29
84500,Migrations,SMB,Americas,Americas,2018-09-12
31741,Conspire Drone,SMB,International,Central,2018-04-27
94330,Rabbited Restaurant,SMB,International,UKI,2019-11-21
17912,Lean Predestine,SMB,Americas,Americas,2019-01-31
43965,Rig Custody,SMB,International,UKI,2020-08-05
18809,Militarization Goal,SMB,Americas,Americas,2021-07-20
53848,Steeds,Enterprise,Americas,Americas,2020-02-04
89200,Ladings Overthinking,SMB,Americas,Americas,2018-04-04
90499,Incredible,SMB,Americas,Americas,2020-10-06
62123,Revive,SMB,International,UKI,2018-10-12
28372,Distaffs,SMB,International,Western,2020-03-11
33537,Statement,Enterprise,International,Central,2018-11-11
30664,Preference Bootblack,SMB,International,UKI,2019-02-25
51554,Imperilling Staling,SMB,International,Japan,2019-09-20
78671,Sign,SMB,Americas,Americas,2019-11-22
62073,Miracle Friend,SMB,International,Central,2017-12-16
17619,Housebreaking Pealing,SMB,Americas,Americas,2022-01-02
41688,Importing,SMB,International,Central,2021-09-22
68193,Cornerstones Flying Childishly,SMB,International,Japan,2018-03-07
3280,Stokers Railroad,SMB,Americas,Americas,2019-06-26
24910,Sprinted Fabricate,SMB,Americas,Americas,2018-07-01
25344,Reeks,SMB,International,UKI,2019-11-15
92879,Look Misinterprets Achieve,SMB,International,UKI,2021-01-21
14869,Article Hoists Ritualism,SMB,Americas,Americas,2020-01-13
47034,Cherished,SMB,Americas,Americas,2020-11-07
28136,Extemporaneous Split Exhibition,SMB,Americas,Americas,2020-11-20
80533,Indulge Revenge,Enterprise,Americas,Americas,2018-12-08
88289,Plot Attenuation,SMB,Americas,Americas,2021-04-16
62191,Cornerstones,SMB,International,Western,2020-03-12
65256,Vials Split,SMB,International,UKI,2020-06-24
67281,Beautiful Chair,SMB,International,UKI,2022-02-09
30620,Swashing Clubbing Hyphenation,Enterprise,International,Western,2019-06-16
36010,Gargoyles Blank,SMB,International,Central,2019-01-18
82952,Balloted Cornerstones,SMB,Americas,Americas,2018-03-12
3857,Meadowlark,Enterprise,International,Central,2020-03-24
3529,Continuous,SMB,International,UKI,2019-11-09
96782,Sequestered,SMB,International,UKI,2020-01-07
78147,Fief Split Gees,SMB,International,UKI,2019-02-17
36718,Plated Image,SMB,Americas,Americas,2020-02-04
38763,Abandon Interlace,SMB,International,UKI,2021-05-26
68676,Freeze Shirking,SMB,International,UKI,2020-03-28
50984,Revive Dome,SMB,International,APAC,2019-04-24
39954,Metric Spill,SMB,International,Central,2021-09-19
68085,Sardonically,SMB,International,Western,2019-08-28
123,Ravish Preference,SMB,International,Central,2018-07-12
77533,Mariachis Unrest Seasonal,SMB,International,Central,2020-03-26
10793,Pivots Dimension Evoke,SMB,International,UKI,2018-09-05
94911,Mornings Privy Fixate,Enterprise,Americas,Americas,2018-05-16
23284,Gargoyles Potbellies,SMB,Americas,Americas,2019-07-28
94353,Paint Methodology,SMB,International,UKI,2018-01-07
44775,Clubbing Lazied Slump,SMB,International,Western,2021-05-03
14849,Privy Privy,SMB,International,UKI,2018-03-17
64971,Preach Swashing,SMB,Americas,Americas,2019-02-08
14192,Spontaneous Background,SMB,International,Central,2021-04-01
82906,Hoodies,SMB,Americas,Americas,2019-05-30
62391,Spontaneous Degree,SMB,Americas,Americas,2020-11-30
47727,End,SMB,Americas,Americas,2020-03-04
42345,Cupboard Scholar,SMB,International,UKI,2021-11-19
89208,Expect Dialogue,SMB,International,Central,2022-02-25
17441,Hotdog Inappropriate Constraint,SMB,Americas,Americas,2020-07-20
19426,Comprehensive Lipid,Enterprise,Americas,Americas,2018-11-16
2705,Neighbour Combining,Enterprise,International,UKI,2018-08-14
6428,Revenge Gargoyles,Enterprise,Americas,Americas,2018-01-11
55698,Sow Engine,SMB,International,UKI,2021-06-01
42862,Industry Royalty,SMB,International,APAC,2018-12-26
57960,Shirking Lipid,Enterprise,International,UKI,2020-01-13
25595,Railroad Look,SMB,Americas,Americas,2021-11-10
46048,Operational Votes,SMB,International,UKI,2021-06-14
66402,Restaurant Misinterprets,Enterprise,International,UKI,2018-06-25
41177,Continuous Microeconomics,SMB,Americas,Americas,2022-02-08
11778,Blinder,SMB,Americas,Americas,2019-02-02
31566,Overthinking,SMB,International,Western,2021-05-11
39401,Bathroom Stokers,SMB,Americas,Americas,2018-10-29
11643,Abundant Beekeeper,SMB,Americas,Americas,2022-04-29
976,Code Cornerstones,SMB,International,Central,2019-06-29
79683,Internalized Gargoyles,Enterprise,International,UKI,2018-02-09
87926,Native Machinery,SMB,Americas,Americas,2021-09-10
53192,Slump Mayor Similar,SMB,International,UKI,2018-10-14
45722,Figure Bulb,SMB,International,UKI,2021-03-21
27271,Fidgeted Railroad,SMB,Americas,Americas,2020-11-06
79813,Jesting Delineated,SMB,International,UKI,2022-04-06
78304,Vision Breast,SMB,International,UKI,2022-02-21
54502,Sock Innovation,SMB,International,Central,2018-12-23
5334,Small Care,SMB,Americas,Americas,2021-05-26
66540,Visibility Bobolinks,Enterprise,International,UKI,2020-09-02
1031,Mornings Libretti Habit,SMB,Americas,Americas,2018-09-07
39782,Proud Neighbour,SMB,International,UKI,2022-04-04
58078,Steward Selloff,SMB,Americas,Americas,2020-10-08
39365,Plot,SMB,International,Central,2021-05-30
33580,Bobolinks Speech,SMB,International,Western,2019-07-03
93299,Friend Difficult,SMB,Americas,Americas,2019-04-21
98171,Shirking Pattern Induct,SMB,Americas,Americas,2018-04-27
3807,Roar Artist,SMB,International,Japan,2019-02-24
282,Long Cake,Enterprise,International,UKI,2019-12-20
10395,Surest,Enterprise,International,Western,2018-08-12
86949,Clarify Inappropriate Lamp,SMB,Americas,Americas,2020-12-09
71400,Small Welling,SMB,International,Western,2020-08-26
42847,Operational Overthinking,SMB,International,UKI,2018-01-29
66146,Visibility Swashing Drawing,SMB,Americas,Americas,2018-04-21
53030,Neighbour Pricy,SMB,Americas,Americas,2021-11-19
8504,Bland,SMB,International,Central,2018-09-15
21560,Custody Libretti,Enterprise,International,Central,2019-03-20
43938,Coat Back,SMB,Americas,Americas,2022-03-23
34245,Census Distensions,SMB,International,UKI,2020-01-21
72504,Upbraids Sow Engine,SMB,Americas,Americas,2019-07-16
83017,Guess Degree,SMB,International,Japan,2022-04-23
81162,Pit Ankle,SMB,Americas,Americas,2019-02-22
24473,Abandon Article,SMB,International,Western,2021-06-18
55708,Selloff Tired,SMB,International,UKI,2019-09-13
65747,Respect Prepares Lot,SMB,International,UKI,2020-06-12
4738,Air,SMB,Americas,Americas,2022-01-27
62542,Freeze,SMB,International,UKI,2020-08-17
21965,Native Vertical,Enterprise,Americas,Americas,2019-11-02
70616,Someone Indulge Fidgeted,SMB,Americas,Americas,2019-05-12
47587,Vision,SMB,International,UKI,2019-10-12
78397,Continuous Lean,SMB,Americas,Americas,2018-08-01
25129,Dimension Rely Plated,SMB,International,Central,2021-03-01
71444,Modernize Precede,SMB,Americas,Americas,2022-04-08
86910,Swashing,SMB,International,UKI,2019-08-24
46779,Stock Staling,SMB,International,UKI,2021-06-07
66529,Slogan Prepares,SMB,Americas,Americas,2021-03-10
58934,Financial Votes,SMB,Americas,Americas,2021-07-30
14185,Complex,SMB,Americas,Americas,2018-06-01
39104,Sign Loop,SMB,Americas,Americas,2021-07-24
617,Panel,SMB,Americas,Americas,2022-02-07
45527,Picture Fidgeted,SMB,Americas,Americas,2017-11-25
60738,Hoteliers Gilding,SMB,Americas,Americas,2018-02-26
90345,Resource Exhibition,SMB,International,UKI,2018-09-17
35049,Idle,SMB,International,Western,2021-12-09
6924,Preference,SMB,Americas,Americas,2022-03-25
67347,Noncombatants Permanent,SMB,Americas,Americas,2018-06-10
37879,Deposit Match,SMB,International,UKI,2019-10-28
40089,Loopy Enforcers,SMB,International,Central,2018-04-28
80363,Proud Jocundly,SMB,International,Japan,2020-07-09
35461,Debt Reeks,SMB,International,UKI,2019-11-24
58626,Preach Wardrobe,SMB,Americas,Americas,2020-02-20
62591,Sardonically Thankful,SMB,International,Central,2019-04-29
68287,Cupboard Flybys,SMB,Americas,Americas,2018-04-27
80716,Inspector Gilding,SMB,International,UKI,2020-06-03
92224,Orthopaedist Custody Conspire,Enterprise,Americas,Americas,2019-10-02
70290,Flowers,Enterprise,Americas,Americas,2018-08-30
60007,Drone Mayor,SMB,Americas,Americas,2021-06-20
76148,Prepares Drooping,Enterprise,Americas,Americas,2018-07-17
33742,Monitor Diamond,SMB,Americas,Americas,2018-08-20
93672,Regulation Quantifies,SMB,Americas,Americas,2018-03-11
10739,Lot Drone,SMB,International,Central,2020-12-31
66799,Sawn Chair,SMB,Americas,Americas,2018-01-12
84401,Wimpled,SMB,International,UKI,2018-02-28
56256,Bootblack,SMB,Americas,Americas,2017-12-11
55436,Long Spontaneous,SMB,International,UKI,2019-12-02
38303,Republic Conspire,SMB,Americas,Americas,2018-05-27
5611,Preponderance Carmines,SMB,International,UKI,2018-03-27
87557,Fief Lipid,SMB,International,Western,2021-03-06
72310,Grungy Someone,SMB,International,Japan,2018-07-19
80484,Exhibition Jesting,SMB,Americas,Americas,2021-09-12
85969,Bay Extemporaneous,SMB,International,Central,2020-06-10
97483,Striker,SMB,International,Western,2019-07-01
35662,Innovation Preference,SMB,Americas,Americas,2021-10-05
66339,Childishly Ankle Enter,Enterprise,Americas,Americas,2022-05-02
37828,Organizational Guideline,SMB,International,UKI,2017-12-24
90486,Bulb Resident Ritualism,SMB,International,Western,2017-12-28
81174,Uncorking Flybys,SMB,Americas,Americas,2022-05-10
61115,Decoration Hyphenation Miracle,Enterprise,International,Western,2017-11-29
54586,Cables Scan,SMB,International,Central,2019-12-05
97734,Switch Selloff,Enterprise,Americas,Americas,2021-04-04
92551,Figure Enter Pivots,SMB,International,Western,2019-08-09
99638,Complication,SMB,Americas,Americas,2022-03-08
14456,Vertical Striker Similar,SMB,Americas,Americas,2021-12-27
31108,Long Consumer Consultant,SMB,International,UKI,2018-05-04
57915,Flybys Achieve,SMB,Americas,Americas,2018-05-21
77358,Complication Enforcers,Enterprise,Americas,Americas,2022-01-23
77401,Unsatisfactory Lime,SMB,Americas,Americas,2021-01-10
58609,Parking,SMB,Americas,Americas,2018-11-30
28275,Ritualism Gardened Sequestered,SMB,International,Central,2018-02-14
63587,Spammers Hierarchy,SMB,International,Western,2019-11-25
46914,Pier,SMB,Americas,Americas,2018-01-14
80583,Switch Explain,SMB,Americas,Americas,2021-06-23
6718,Misinterprets,SMB,International,Central,2019-03-15
10871,Clarify Workshop,SMB,Americas,Americas,2019-05-16
83624,Conspire Rabbited,SMB,Americas,Americas,2018-06-21
39187,Beholding Evoke,SMB,Americas,Americas,2021-03-03
74927,Ceremony,SMB,Americas,Americas,2018-12-07
32448,Preponderance Consumer,SMB,Americas,Americas,2020-10-22
73081,City Spill Beekeeper,SMB,International,UKI,2018-05-11
15229,Misinterprets Nesting,SMB,International,Central,2020-07-10
97148,Cables,SMB,International,UKI,2021-06-25
5596,Pivots Poinsettias Drone,SMB,International,Western,2020-06-03
62796,Jocundly,SMB,International,UKI,2018-12-28
1383,Scholar Attention,SMB,Americas,Americas,2021-11-13
92147,Vision Bucket,SMB,International,UKI,2020-04-21
42707,Vertical Odoriferous,SMB,International,Japan,2021-07-21
36333,Cake,SMB,International,UKI,2022-03-11
48436,Dimension Currycombs,SMB,Americas,Americas,2018-12-19
40736,Vertical Grungy,SMB,Americas,Americas,2021-08-09
45624,Beekeeper Permanent,SMB,International,APAC,2022-01-30
95099,Fuel,SMB,International,UKI,2021-03-13
63404,Dynamic Dialogue,Enterprise,Americas,Americas,2021-07-16
87488,Sign Mariachis,SMB,International,UKI,2020-11-12
93145,Vertical Overthinking,SMB,International,UKI,2021-06-06
32229,Continuous Proportional,SMB,International,UKI,2017-11-19
7534,Machinery Panel,SMB,Americas,Americas,2021-08-25
66285,Reoccupy Hyphenation,SMB,Americas,Americas,2022-01-14
61197,Comprehensive,SMB,Americas,Americas,2021-03-09
54136,Gilding,SMB,Americas,Americas,2020-12-01
85490,Custody Wimpled Vision,SMB,International,Western,2018-05-09
27471,Militarization Cell Deny,SMB,Americas,Americas,2019-07-09
66867,Refused Coexists,SMB,International,UKI,2019-09-08
29383,Refund,SMB,International,UKI,2017-11-26
99983,Faint,SMB,International,Central,2021-03-03
36363,Incredible Ladings,SMB,International,UKI,2020-06-09
9354,Proficients Sequestered,SMB,International,Central,2021-07-01
98640,Relative,SMB,Americas,Americas,2019-09-21
85968,Selloff,SMB,International,Japan,2022-03-09
36537,Hotdog Noncombatants,Enterprise,Americas,Americas,2021-11-15
6843,Permanent Miracle,SMB,International,Western,2020-11-07
7072,Achieve Delivery,SMB,International,Western,2020-03-27
67653,Immaterial,SMB,International,Western,2018-05-20
76128,Evoke Pie Currycombs,SMB,Americas,Americas,2020-01-25
44440,Coat Hyphenation,SMB,Americas,Americas,2018-08-09
29357,Care Sweater,SMB,International,Central,2020-12-12
4536,Rig Bathroom,SMB,Americas,Americas,2022-04-03
49597,Brackets,SMB,Americas,Americas,2020-01-23
45275,Scan Similar Galloped,Enterprise,International,Japan,2019-01-05
82271,Proficients Refund,SMB,Americas,Americas,2022-03-15
83135,Runner Census,SMB,International,UKI,2021-10-25
29170,Determined Absence,SMB,Americas,Americas,2018-01-31
97381,Gardened Cherished,SMB,Americas,Americas,2021-01-03
53867,Taps Footnoting Epsilon,SMB,Americas,Americas,2020-09-15
71544,Parking Tired,SMB,International,UKI,2021-01-11
68505,Hardens,SMB,International,Western,2019-12-08
80368,Diamond,SMB,Americas,Americas,2021-03-12
49686,Census,SMB,International,UKI,2020-08-18
29643,Constraint Nesting,SMB,Americas,Americas,2018-06-14
14305,Junior Trench,SMB,International,Central,2019-02-15
85565,Background Hyphenation,SMB,Americas,Americas,2019-07-02
89720,Trenchant Plane,SMB,Americas,Americas,2021-08-11
72479,Reoccupy Someone,SMB,Americas,Americas,2019-09-02
72700,Diamond Misjudged,SMB,International,UKI,2018-06-20
54620,Pit,SMB,Americas,Americas,2020-07-30
93384,Drone Coexists Conspire,SMB,Americas,Americas,2020-02-05
72913,Rely Complication,SMB,International,Central,2021-03-04
66789,Drone,SMB,International,Central,2019-10-11
18659,Bobolinks Expand,SMB,International,Western,2021-05-14
61791,Inappropriate Expand,SMB,Americas,Americas,2020-10-29
70016,Swashing Experiment,SMB,Americas,Americas,2017-12-21
84462,Radio Alleging,SMB,Americas,Americas,2022-04-09
64976,Attention Balloted,SMB,International,UKI,2020-01-10
35151,Flowers Proportional,SMB,Americas,Americas,2021-04-23
89767,Upbraids,SMB,Americas,Americas,2018-07-29
4606,Proud Banner,SMB,International,Central,2021-09-29
99187,Porcupine Enter,SMB,International,APAC,2019-02-02
50911,Paw,SMB,International,UKI,2021-07-10
96704,Latch Lot,SMB,Americas,Americas,2020-06-16
97839,Spontaneous Hair,SMB,International,UKI,2019-09-20
79564,Radio,SMB,Americas,Americas,2019-08-04
97162,Modernize Paint,SMB,International,Japan,2020-07-19
50709,Attenuation,SMB,International,UKI,2021-06-29
99788,Artist Clubbing,SMB,International,Central,2021-07-11
76050,Sawn,SMB,International,UKI,2019-05-30
89636,Soundproofing,SMB,International,UKI,2018-04-06
96530,Stride Ingot,SMB,International,Western,2021-09-06
38041,Carmines Miserable,SMB,International,Central,2019-06-01
14055,Stock,SMB,Americas,Americas,2022-04-21
1090,Freeze Industry Workshop,Enterprise,Americas,Americas,2019-03-19
20800,Railroad Proficients,SMB,Americas,Americas,2018-04-07
35605,Permanent Panel,SMB,International,UKI,2021-07-30
79174,Split Refused,SMB,Americas,Americas,2022-02-07
96095,Norm Overthinking,SMB,Americas,Americas,2018-02-06
10942,Workshop Spend,SMB,International,UKI,2018-01-10
35951,Polygraphed Railroad Share,Enterprise,Americas,Americas,2021-04-16
81012,Footnote Hoodies,Enterprise,International,Central,2019-01-06
54583,Reverse Beholding,SMB,International,UKI,2020-06-20
36719,Odoriferous,SMB,Americas,Americas,2019-10-24
70563,Friend Fairways,SMB,Americas,Americas,2020-04-20
6326,Nestling,SMB,Americas,Americas,2018-09-30
17916,Steward Consumer,SMB,Americas,Americas,2018-11-16
58932,Steeds Scaffold,SMB,International,Central,2019-07-10
16435,Long Mortised Shirking,SMB,International,UKI,2021-12-26
30059,Internalized Wimpled,SMB,International,UKI,2020-01-31
82466,Alleging Twice Trait,SMB,Americas,Americas,2018-03-08
12558,Hoists Applied,SMB,International,Western,2020-07-17
95442,Incredible Reoccupy,SMB,Americas,Americas,2017-12-25
94487,Dome Enter,SMB,Americas,Americas,2020-09-10
15693,Complex Braid,SMB,Americas,Americas,2020-11-10
3026,Sign Conspire,Enterprise,International,Japan,2019-04-07
54179,Lean Revive Fairways,SMB,Americas,Americas,2019-04-23
63783,Stock Distensions Upbraids,Enterprise,International,Western,2021-11-06
10518,Pier Refund,SMB,International,Western,2018-05-21
78136,Kitten Habit Miserable,Enterprise,International,Japan,2021-10-19
80687,Porcupine Operational,SMB,International,Central,2021-03-13
45966,Carmines Drooping,Enterprise,International,Western,2022-04-15
80973,Absence Rig,SMB,International,Western,2018-02-09
32342,Routinize Scan,SMB,International,Central,2020-04-09
56551,Fief Mariachis,Enterprise,Americas,Americas,2021-08-18
61699,Debt Braid,Enterprise,International,UKI,2018-04-08
5333,Transparencies Scholar,SMB,International,UKI,2019-09-08
70121,Abundant Stokers,Enterprise,International,Japan,2020-03-21
44944,Hoists Perambulate Spend,SMB,International,Central,2019-09-18
74741,Balloted Latch,SMB,International,UKI,2018-02-08
16143,Quantifies,SMB,International,Central,2019-10-13
75000,Laser Plated,SMB,Americas,Americas,2020-02-07
21618,Hyphenation Reverse Relative,SMB,International,APAC,2018-06-21
80094,Guideline Professional,Enterprise,International,UKI,2017-12-08
57158,Genuine Ally,SMB,Americas,Americas,2021-11-09
70406,Hoteliers Chigger,SMB,Americas,Americas,2020-03-31
45490,Dome Trench,SMB,International,Japan,2019-06-13
27025,Braid Galloped Lazied,SMB,International,UKI,2018-06-08
22833,Classify,Enterprise,Americas,Americas,2022-02-12
84673,Conspire,SMB,Americas,Americas,2018-02-14
87833,Hierarchy,SMB,International,UKI,2021-03-09
75687,Picture Bury,SMB,International,UKI,2021-03-02
99256,Achieve Brackets,SMB,International,Western,2019-01-16
1892,Sweater,SMB,Americas,Americas,2018-03-11
51090,Bucket,SMB,Americas,Americas,2020-07-09
96997,Prepares Imposter Article,SMB,International,UKI,2018-08-29
12518,Alleging Epsilon,SMB,Americas,Americas,2018-03-14
74241,Enforcers Hair,SMB,Americas,Americas,2019-10-12
82311,Proficients Flowers Fatefully,SMB,International,UKI,2020-09-06
31744,Epsilon,Enterprise,Americas,Americas,2018-05-31
45775,Plane Fidgeted,SMB,Americas,Americas,2019-03-10
8794,Quantifies Notables,SMB,Americas,Americas,2021-12-25
21645,Imposter Metric,SMB,International,UKI,2019-07-24
59905,Arrow Door,SMB,International,UKI,2020-10-09
73968,Settle Understanding,SMB,Americas,Americas,2020-07-15
72218,Experiment,SMB,Americas,Americas,2021-12-23
36730,Vertical Clarify,SMB,International,Western,2019-05-22
2225,Precede,SMB,International,UKI,2018-07-20
29504,Scholar Currycombs,Enterprise,Americas,Americas,2019-11-02
16741,Workshop,SMB,International,Western,2018-09-17
61685,Custody Beekeeper,SMB,Americas,Americas,2018-06-23
67640,Grungy Ingot,SMB,Americas,Americas,2018-10-25
32656,Reoccupy Nesting,SMB,International,Western,2021-07-23
714,Precede Soundproofing,SMB,International,UKI,2019-03-25
82257,Complex Enforcers,SMB,Americas,Americas,2019-05-31
69550,Trench Combining,SMB,International,Western,2021-04-21
15059,Miracle,SMB,International,UKI,2020-06-01
81672,Grungy Flowers,SMB,International,Western,2022-04-12
64575,Misinterprets Financial Balloted,SMB,International,Western,2021-08-25
15178,Flowers Drawing,SMB,Americas,Americas,2020-08-06
82325,Inspector Notorious Diamond,Enterprise,International,UKI,2018-02-04
34593,Software Routinize,SMB,International,UKI,2019-12-25
33142,Custody Loop Modernize,SMB,International,APAC,2019-07-07
41224,Decoration Scholar Respect,SMB,International,Central,2019-10-03
71061,Coexists Carmines,SMB,International,UKI,2018-10-16
13709,Plane Predestine,SMB,International,Central,2022-01-13
78046,Hierarchy Radio,SMB,International,Japan,2019-04-25
85300,Uncorking,SMB,Americas,Americas,2021-07-08
29834,Latch Notorious,SMB,Americas,Americas,2018-06-12
94692,Interlace Match,SMB,International,Central,2020-06-28
19738,Overthinking Arrow,SMB,International,Central,2018-12-20
80161,Conception Deposit,SMB,International,UKI,2019-11-16
43814,Reeks Dome,SMB,Americas,Americas,2020-12-26
62348,Odoriferous Scaffold,SMB,Americas,Americas,2021-07-15
68656,Consultant Cheat,SMB,International,Western,2020-05-25
7960,Sign Determined,SMB,International,Central,2019-12-03
95289,Switch Hoodies,SMB,International,UKI,2018-07-09
51298,Monitor Proficients,SMB,Americas,Americas,2018-04-01
99417,Plane Breast,SMB,International,Western,2018-11-16
50628,Preach Spontaneous,Enterprise,Americas,Americas,2019-06-09
25840,Bury Door,SMB,Americas,Americas,2018-11-19
93366,Exhibition Taps,Enterprise,Americas,Americas,2017-12-23
41454,Dragon Internalized,SMB,International,UKI,2021-05-24
23178,Dome,Enterprise,Americas,Americas,2020-04-12
96056,Queen Wardrobe,SMB,Americas,Americas,2018-01-21
28542,Scaffold,Enterprise,Americas,Americas,2018-05-31
1174,Soundproofing Indulge,SMB,International,Western,2021-09-15
77931,Complex Abandon Balloted,Enterprise,International,Central,2018-02-24
4472,Gargoyles Ritualism,Enterprise,International,Japan,2017-11-16
5507,Node Enter,SMB,International,UKI,2019-08-15
59781,Financial Hotdog Imperilling,SMB,International,UKI,2018-06-14
33937,Methodology,SMB,International,UKI,2021-11-15
87502,Blank Ally,SMB,International,UKI,2021-04-11
53792,Steward,SMB,International,UKI,2018-10-01
71844,Air Clambake,SMB,International,Central,2020-08-01
23481,Ladings Friend,SMB,International,APAC,2020-11-30
58638,Fabricate,SMB,Americas,Americas,2022-02-18
10021,Hoteliers,Enterprise,International,UKI,2018-08-31
16018,Faint Preponderance,SMB,Americas,Americas,2021-09-02
36840,Herd Pricy,SMB,Americas,Americas,2019-12-29
12868,Dome Rejoicing,SMB,International,UKI,2018-08-30
9515,Pancake,Enterprise,International,UKI,2020-10-14
26788,Monkeys Carmines,SMB,International,UKI,2018-07-15
35760,Entangle,SMB,International,Japan,2019-10-10
75655,Enter Demarcating,SMB,Americas,Americas,2018-12-08
77268,Junior Blank,Enterprise,International,UKI,2019-01-20
21309,Jocundly Rig,SMB,International,Japan,2021-04-14
16665,Spill,SMB,International,UKI,2021-07-01
87289,Hardware,SMB,International,UKI,2018-04-22
1816,Drone Indulge,SMB,Americas,Americas,2020-03-05
81332,Refused Weapon,Enterprise,Americas,Americas,2018-09-30
44517,Arrow,SMB,International,APAC,2021-09-28
19395,Hyphenation Parking,SMB,International,Western,2019-10-04
3729,Bathroom,Enterprise,International,UKI,2020-11-08
23598,Blinder Ladings,SMB,International,Western,2019-10-01
67437,Consultant Bury,SMB,International,Western,2018-09-17
57188,Idle Trait,SMB,International,Western,2019-09-29
45896,Reeks Care Reverse,SMB,Americas,Americas,2018-08-27
35828,Friend Refund,SMB,Americas,Americas,2017-11-20
28684,Millinery Carjacks Brackets,SMB,International,Central,2020-03-14
29658,Heart Article Distaffs,SMB,Americas,Americas,2019-02-25
36322,Imperilling Housebreaking,SMB,International,Central,2018-10-30
6857,Cake Flowers,SMB,Americas,Americas,2021-04-14
46768,Hoists Pattern,Enterprise,Americas,Americas,2022-01-27
70020,Breeze Habit,SMB,Americas,Americas,2020-03-02
35507,Selloff Bitter,SMB,Americas,Americas,2021-11-02
42357,Monkeys Bland,SMB,Americas,Americas,2021-05-11
6499,Expect Jesting,SMB,Americas,Americas,2018-06-08
892,Slump Ravish,SMB,Americas,Americas,2020-04-17
91600,Refused Rig,SMB,Americas,Americas,2022-01-06
12958,Spend Image,SMB,Americas,Americas,2019-05-06
94827,Poinsettias Reeks,SMB,International,Western,2020-12-06
848,Workshop Lamp,SMB,International,UKI,2021-10-30
11886,Fief Taught,SMB,Americas,Americas,2021-05-11
23892,Financial Trait,SMB,International,Japan,2018-11-12
43577,Beautiful Pilasters,SMB,Americas,Americas,2021-12-03
62436,Refresher Steward,SMB,International,UKI,2020-04-28
15404,Breast Dynamic,SMB,International,UKI,2020-01-13
64150,Railroad,SMB,International,UKI,2021-11-03
85164,Penalty,SMB,Americas,Americas,2021-02-04
27657,Applied Proportional Railroad,SMB,International,Central,2020-07-26
93590,Trait Deploying Reoccupy,SMB,Americas,Americas,2019-12-26
51713,Taps,Enterprise,International,UKI,2021-01-31
67560,Ceremony Mortised,SMB,Americas,Americas,2020-02-11
5759,Stable,SMB,International,Japan,2022-04-29
94719,Someone Headwords,SMB,International,UKI,2019-03-15
99150,Childishly Underestimates,SMB,Americas,Americas,2021-07-19
4336,Jesting Delivery,SMB,Americas,Americas,2021-08-13
35789,Nesting,SMB,International,Japan,2019-06-02
96568,Workshop Treaty,SMB,Americas,Americas,2022-04-13
6515,Lamp Difficult,SMB,Americas,Americas,2019-02-19
18676,Alleging Fatefully Laser,SMB,Americas,Americas,2018-02-27
72001,Bottom Slump,SMB,Americas,Americas,2020-10-30
7945,Braid Fuel,SMB,International,APAC,2019-07-05
19179,Concentrates Footnoting,SMB,Americas,Americas,2019-12-31
52617,Timetable Importing,SMB,International,UKI,2019-01-09
73577,Distaffs Respect,SMB,International,Central,2020-01-17
54922,Routinize Hoodies,SMB,Americas,Americas,2019-10-31
80933,Quantifies Modernize Odoriferous,SMB,International,UKI,2022-03-01
91637,Proportional,SMB,International,Japan,2020-06-21
91750,Determined Routinize,SMB,International,UKI,2018-05-24
8640,Republic,SMB,International,UKI,2020-05-03
34516,Grindstone Degree Air,SMB,Americas,Americas,2020-02-18
82343,Attention Complex,SMB,International,APAC,2019-08-24
21035,Lipid Slump,SMB,International,Japan,2018-12-20
13025,Tilt Runner,SMB,Americas,Americas,2018-03-07
16967,Neighbour,SMB,International,UKI,2019-09-29
53645,Nesting Cake,Enterprise,Americas,Americas,2021-10-13
12640,Bobolinks Suspect,SMB,International,UKI,2022-02-16
29392,Loopy Nesting,SMB,Americas,Americas,2019-10-21
91088,Distaffs Norm Sweater,SMB,Americas,Americas,2020-12-24
34735,Bathroom Drawing,SMB,Americas,Americas,2019-07-20
43522,Norm Loopy,SMB,Americas,Americas,2021-10-15
55028,Vision Difficult,SMB,International,Central,2019-11-29
53393,Restaurant Distaffs Vision,SMB,International,Western,2020-12-27
4354,Quote Engine,SMB,International,Central,2020-05-24
51935,Bucket Bland,SMB,International,UKI,2018-12-21
97817,Fade Comprehensive,Enterprise,Americas,Americas,2018-05-01
79493,Nesting Constraint,SMB,Americas,Americas,2022-04-03
88043,Blinder Orthopaedist Knock,SMB,International,UKI,2019-04-20
34157,Organize Pilasters,Enterprise,Americas,Americas,2021-10-03
56754,Deploying Pricy,Enterprise,International,UKI,2018-05-15
23741,Modernize Constraint Title,SMB,International,Western,2019-07-19
87646,Custody Curios,SMB,Americas,Americas,2021-03-15
14901,Lamp Rippling,SMB,International,Western,2020-06-03
48091,Extemporaneous Miracle,SMB,Americas,Americas,2021-06-14
74094,Notorious Scholar,SMB,Americas,Americas,2022-05-08
99381,Blinder Debt,Enterprise,International,Western,2020-02-23
88378,Libretti,SMB,Americas,Americas,2021-06-28
9725,Image Goal,SMB,International,UKI,2018-11-10
36044,Applied Patch,SMB,Americas,Americas,2019-12-12
57640,Nestling Title,Enterprise,International,Western,2017-11-11
9222,Rejoicing Housebreaking,SMB,International,Japan,2017-12-07
90133,Twice Difficult Pattern,SMB,Americas,Americas,2018-07-23
64871,Nestling Odoriferous Prepares,SMB,Americas,Americas,2019-06-15
48032,Prepares Hyphenation,SMB,International,Western,2022-01-18
70945,Absorb Industry Rabbited,SMB,International,UKI,2019-08-12
881,Selloff Swashing Idle,Enterprise,Americas,Americas,2020-03-25
62553,Republic Organizational,SMB,International,Central,2019-05-01
34770,Pastel,SMB,Americas,Americas,2018-12-12
95830,Prepares Experiment,SMB,Americas,Americas,2018-05-25
11944,Fidgeted Enforcers,SMB,Americas,Americas,2021-11-10
52438,Resident Figure Wardrobe,SMB,International,Japan,2022-04-18
95207,Vertical,SMB,International,UKI,2020-01-25
88264,Understanding,SMB,International,Western,2019-03-13
61399,Ingot Junior,SMB,International,Japan,2021-04-09
28214,Software Microeconomics,SMB,Americas,Americas,2018-06-27
42788,Wimpled Sweater,Enterprise,International,UKI,2018-03-25
31638,Guess Extemporaneous,SMB,Americas,Americas,2018-09-20
56838,Meadowlark Steward,SMB,International,Central,2018-05-31
6137,Spammers Dimension,SMB,International,Western,2021-12-20
19530,Loopy Faint Lean,SMB,Americas,Americas,2019-03-27
86601,Reverse Wardrobe Bay,SMB,Americas,Americas,2020-02-25
31803,Express,SMB,International,UKI,2021-04-10
50649,Bucket Rippling Loop,SMB,Americas,Americas,2018-06-16
87515,Habit Mornings,SMB,Americas,Americas,2022-04-04
16992,Bulb City,SMB,Americas,Americas,2018-03-09
24531,Microeconomics Debt Preference,SMB,International,UKI,2020-02-01
3788,Thankful Braid Twice,SMB,International,UKI,2022-02-08
5431,Curios Mortised Pricy,SMB,International,APAC,2019-08-31
84042,Stock Pit,SMB,International,UKI,2019-09-08
14615,Ally Enter,Enterprise,International,UKI,2020-10-28
35481,Delineated Lamp,SMB,Americas,Americas,2020-08-09
1688,Delivery Explain,SMB,Americas,Americas,2019-03-21
75908,Complex Rely,SMB,Americas,Americas,2019-07-07
20277,Consultant Inappropriate Precede,Enterprise,International,UKI,2022-03-17
36915,Stock Hyphenation,SMB,Americas,Americas,2020-10-14
36529,Continuation,SMB,Americas,Americas,2021-10-09
80819,Jesting Difficult Fatefully,SMB,Americas,Americas,2019-08-08
72466,Penalty Pattern Hierarchy,Enterprise,Americas,Americas,2019-04-04
61438,Chunky Predestine,SMB,Americas,Americas,2021-12-11
88707,Jocundly Continuation,SMB,International,UKI,2021-04-16
53079,Pen Innovation,SMB,Americas,Americas,2019-10-09
11404,Pancake Potbellies,SMB,International,Western,2018-11-12
49164,Constraint Surfeiting Entangle,SMB,International,UKI,2020-09-23
67867,Achieve Steeds,SMB,International,UKI,2019-08-27
28520,Beekeeper Similar,SMB,Americas,Americas,2018-05-11
94351,Dozen Dynamic Expertise,SMB,Americas,Americas,2020-12-30
55509,Coat Melancholics Clubbing,SMB,International,UKI,2021-09-01
15477,Surfeiting Fuel,SMB,International,UKI,2019-01-25
21135,Cupboard Latch,SMB,International,Central,2018-01-18
87592,Inspector,Enterprise,International,Western,2018-03-06
68759,Trenchant Migrations,SMB,Americas,Americas,2018-07-03
16911,Ladings Proficients,SMB,Americas,Americas,2019-10-31
67791,Bucket Feline,SMB,Americas,Americas,2021-04-27
63414,Artist Spammers,SMB,Americas,Americas,2021-07-19
55568,Routinize Reeks,SMB,Americas,Americas,2020-07-21
41886,Bobolinks Expertise,Enterprise,Americas,Americas,2018-08-24
53523,Similar Air Monitor,SMB,Americas,Americas,2018-03-11
2649,Steeds Software,SMB,International,UKI,2021-01-25
99426,Votes Rely,SMB,International,UKI,2022-02-23
76615,Bitter Notorious,SMB,International,UKI,2022-02-03
37745,Polygraphed,Enterprise,International,UKI,2018-07-31
32527,Rely Inspector,SMB,Americas,Americas,2019-09-29
42764,Dialogue Figure,Enterprise,Americas,Americas,2020-06-09
68118,Settle,SMB,International,UKI,2019-08-28
43008,Mortised Custody,SMB,International,Western,2021-12-26
86875,Article Conspire,SMB,Americas,Americas,2022-02-26
35709,Guess Paint,SMB,Americas,Americas,2018-03-06
67233,Back,SMB,Americas,Americas,2019-05-28
49266,Bury Dynamic,SMB,Americas,Americas,2018-08-03
4059,Attention Monkeys Overthinking,SMB,International,UKI,2021-05-04
13125,Clambake Preponderance Speech,SMB,Americas,Americas,2021-04-28
28040,Tropical,SMB,Americas,Americas,2021-05-15
28619,Shirking Privy,SMB,International,UKI,2019-02-15
29600,Microeconomics Respect,SMB,International,Japan,2021-09-26
78868,Polygraphed Panel,SMB,Americas,Americas,2021-12-12
35414,Mortised Bury,SMB,International,UKI,2020-02-23
78702,Custody Latch,SMB,International,UKI,2018-09-23
51576,Clambake Coasters,SMB,Americas,Americas,2020-01-10
20048,Code Slump,SMB,Americas,Americas,2019-04-13
61875,Childishly Plastering,SMB,Americas,Americas,2021-08-13
11689,Respect Fatefully,SMB,Americas,Americas,2020-07-01
54090,Hoists,SMB,International,Central,2019-07-18
38003,Rippling Refund,Enterprise,International,UKI,2018-08-18
40730,Lot Beautiful,SMB,Americas,Americas,2018-10-24
92218,Resource Genuine Runner,SMB,Americas,Americas,2020-01-09
87124,Mortised,SMB,International,UKI,2019-01-06
1852,Gardened Care,SMB,Americas,Americas,2019-01-11
11367,Image,SMB,Americas,Americas,2019-02-08
94213,Lamp Panel,SMB,Americas,Americas,2020-09-27
80732,Preference Gardened,Enterprise,Americas,Americas,2018-07-03
54157,Difficult Stride Notorious,SMB,Americas,Americas,2020-08-29
91772,Rely Distensions,SMB,Americas,Americas,2021-01-10
54875,Small Understanding,SMB,Americas,Americas,2021-01-26
5256,Militarization Sprinted,SMB,International,APAC,2018-01-09
62918,Panel Scan Hoists,SMB,International,UKI,2020-04-17
33992,Brackets Currycombs,SMB,Americas,Americas,2021-05-20
38545,Pen Ankle,SMB,International,UKI,2020-09-28
85601,Bay Wrests Pricy,SMB,Americas,Americas,2022-05-11
83660,Headwords Coasters,Enterprise,International,UKI,2021-07-23
82109,Cell Cell,SMB,Americas,Americas,2022-02-12
67686,Comprehensive Nestling,Enterprise,International,APAC,2018-02-24
43302,Taught Respect Pricy,SMB,Americas,Americas,2018-11-20
27890,Concentrates Roar,SMB,International,Central,2020-06-11
99803,Prepares Vials,SMB,International,UKI,2018-03-19
6069,Organizational Ally,Enterprise,International,Western,2021-01-12
65355,Galloped Lean,SMB,International,UKI,2018-06-21
95227,Staling Ravish,SMB,International,Western,2018-03-01
19272,Code Sprinted,SMB,Americas,Americas,2018-02-01
13313,Revive Sequestered,SMB,International,UKI,2020-01-30
95884,Stable Bland Noncombatants,SMB,International,UKI,2021-06-29
76254,Potbellies,Enterprise,International,UKI,2021-07-06
68203,Reoccupy Spill,SMB,International,UKI,2022-05-01
11900,Dozen,SMB,International,UKI,2019-04-28
43612,Bobolinks Combining Beekeeper,Enterprise,Americas,Americas,2018-01-19
4971,Wimpled Demarcating Custody,SMB,International,Western,2021-02-12
12770,Custody Childishly,Enterprise,International,UKI,2021-03-17
37216,Interlace Staling,SMB,International,UKI,2021-06-09
62228,Railroad Gardened Consultant,Enterprise,Americas,Americas,2020-10-01
14183,Regulation Financial,SMB,International,UKI,2019-05-24
78995,Switch Galloped Radio,SMB,Americas,Americas,2020-08-07
78275,Artist Rippling Grindstone,SMB,Americas,Americas,2017-11-28
88948,Bulb,SMB,Americas,Americas,2020-10-27
62730,Door Verdigrised,SMB,International,UKI,2019-03-26
523,Banner Sequestered,SMB,Americas,Americas,2017-12-31
15438,Absorb,SMB,Americas,Americas,2019-01-18
44325,Monitor,SMB,International,UKI,2020-08-09
55042,Internalized Internalized,SMB,Americas,Americas,2018-08-11
18725,Wrests Fade,SMB,Americas,Americas,2021-05-10
69799,Ally Kitten,SMB,Americas,Americas,2019-07-09
30583,Hardware Image,SMB,Americas,Americas,2020-01-08
96419,Expect Flying,SMB,International,UKI,2019-08-02
23079,Staling Attention Poinsettias,SMB,International,UKI,2021-05-07
38867,Coasters Sprinted,SMB,International,UKI,2018-09-14
41476,Unrest Wardrobe,SMB,International,Western,2018-08-18
10144,Abundant Hoteliers Vision,SMB,International,UKI,2019-11-16
21782,Care Unrest Engine,SMB,International,UKI,2019-05-16
7221,Lipid Banner Verdigrised,SMB,Americas,Americas,2018-09-03
67330,Odoriferous Custody Constraint,SMB,Americas,Americas,2021-07-17
55993,Queen Sign,SMB,International,UKI,2018-05-11
10868,Plane Stock,SMB,Americas,Americas,2020-12-13
23054,Mortised Plead,SMB,International,Western,2019-01-01
20903,Clarify Fief,SMB,Americas,Americas,2018-02-15
37218,Refused Disjointed,SMB,International,Western,2021-05-18
75040,Shirking Resident,SMB,Americas,Americas,2017-11-24
70804,Pen,SMB,International,Western,2021-04-16
24814,Monkeys Proportional,SMB,International,Western,2021-06-04
68329,Cupboard Conception,SMB,Americas,Americas,2019-05-01
2727,Routinize Settle,SMB,International,Western,2020-05-12
79625,Enforcers Gargoyles,SMB,Americas,Americas,2019-11-09
19621,Coasters Welling,SMB,International,Western,2018-01-29
78553,Debt Sunflower,Enterprise,Americas,Americas,2018-04-02
31049,Welling Ally,SMB,Americas,Americas,2022-04-03
13402,Attenuation Software,SMB,Americas,Americas,2021-02-10
6609,Respect Vials Notorious,SMB,International,UKI,2019-07-04
9250,Trenchant Grindstone,SMB,Americas,Americas,2020-05-03
65278,Freeze Metric,SMB,International,UKI,2019-12-26
95158,Lamp Back,SMB,International,Central,2018-01-06
89006,Relative Conspire,SMB,International,UKI,2019-10-17
20666,Upbraids Lamp,SMB,Americas,Americas,2022-03-26
52155,Paw Dialogue Fairways,SMB,International,APAC,2020-09-22
99133,Back Freeze,SMB,International,Western,2021-03-07
26336,Migrations Cherished,SMB,International,UKI,2021-04-14
56109,Speech Faint,SMB,Americas,Americas,2020-11-23
24852,Rippling Innovation Beekeeper,SMB,International,UKI,2018-06-23
21106,Carmines Beholding Hoists,SMB,International,Western,2021-09-01
66991,Hoodies Prepares,SMB,Americas,Americas,2019-07-13
93151,Sardonically Comprehensive,SMB,International,Central,2020-08-25
80900,Determined,SMB,International,UKI,2022-01-11
92986,Laser Fixate Reverse,SMB,Americas,Americas,2019-07-18
49502,Braid Selloff,SMB,International,APAC,2020-12-14
57578,Stock Hoteliers Fuel,Enterprise,Americas,Americas,2019-06-11
51589,Image Hardens Achieve,SMB,International,UKI,2018-03-22
46144,Diamond Wimpled Currycombs,SMB,Americas,Americas,2019-05-15
89020,Fief Delivery,SMB,Americas,Americas,2021-07-21
25940,Footnote Enhance Deploying,SMB,Americas,Americas,2018-06-13
21082,Proportional End,SMB,International,UKI,2020-03-10
92148,Switch Sardonically,Enterprise,Americas,Americas,2020-06-10
46414,Hyphenation Machinery Epsilon,SMB,Americas,Americas,2019-04-28
84340,Beautiful Expect,Enterprise,Americas,Americas,2018-04-29
78388,Deny Stock,SMB,Americas,Americas,2018-09-17
69779,Hoteliers Experiment,Enterprise,International,UKI,2019-02-25
78587,Sequestered Plastering,Enterprise,Americas,Americas,2019-10-08
6532,Precede Nestling Cherished,SMB,Americas,Americas,2020-07-26
43492,Carjacks Fairways Polygraphed,SMB,International,Japan,2022-04-22
45836,Quantifies Alleging,Enterprise,International,Western,2018-12-19
77294,Industry Odoriferous,SMB,International,UKI,2021-09-23
67594,Preponderance Dragon Fief,SMB,International,Central,2022-04-15
12350,Revive Machinery Galloped,Enterprise,International,Central,2017-12-18
37963,Background Ally,SMB,Americas,Americas,2021-07-08
90542,Wardrobe,SMB,International,Central,2020-03-29
95412,Picture,SMB,Americas,Americas,2020-09-30
71620,Census Notables,SMB,International,UKI,2021-02-11
54055,Headwords Financial,SMB,Americas,Americas,2019-03-30
49728,Drawing Drawing,SMB,Americas,Americas,2018-04-12
1991,Vertical Sawn,SMB,International,Central,2019-03-29
96561,Sprinted Sow,SMB,International,Western,2018-11-29
79286,Back Picture Background,SMB,Americas,Americas,2022-01-08
85552,Pancake Weapon,SMB,International,Western,2021-10-24
32068,Breeze Alleging,SMB,Americas,Americas,2019-02-20
63899,Continuation Arrow,SMB,International,UKI,2020-09-22
15936,Continuation End,SMB,International,Japan,2020-03-28
33017,Preponderance Drawing Alleging,Enterprise,International,Central,2018-10-31
30400,Goal Flying,SMB,Americas,Americas,2020-09-27
49572,Diamond Potbellies Predestine,SMB,Americas,Americas,2018-10-01
14882,Gilding Distaffs,SMB,Americas,Americas,2020-07-19
89798,Mariachis Faint,SMB,Americas,Americas,2020-11-04
36503,Enter Attenuation,Enterprise,International,Central,2019-10-02
7606,Hyphenation Experiment,SMB,Americas,Americas,2021-09-29
92815,Workshop Scholar,SMB,International,UKI,2020-07-15
34380,Bucket Stable,SMB,International,UKI,2019-11-22
17253,Loopy,SMB,International,UKI,2018-05-26
13928,Gargoyles,SMB,Americas,Americas,2019-01-03
81047,Beholding,SMB,International,UKI,2020-06-23
9910,Stride Cables,SMB,International,Western,2019-01-23
17436,Artist,Enterprise,Americas,Americas,2020-09-30
58133,Refresher Dragon,Enterprise,International,UKI,2019-08-01
58248,Demarcating,SMB,Americas,Americas,2018-09-17
45662,Childishly Parking,SMB,Americas,Americas,2022-03-19
62776,Blinder Dialogue Constraint,SMB,International,UKI,2018-10-08
36147,Applied Mayor,SMB,International,Japan,2022-03-21
78025,Bay Beautiful,Enterprise,Americas,Americas,2017-11-17
79052,Rely Pancake Dimension,Enterprise,International,Western,2018-03-30
83483,Similar Ravish Miracle,SMB,Americas,Americas,2019-10-20
90225,Continuous Lamp,SMB,International,Central,2020-06-22
31891,Someone Diamond,SMB,Americas,Americas,2020-01-07
11311,Incredible Pancake Plastering,SMB,International,UKI,2021-04-27
14505,Proud,SMB,Americas,Americas,2019-09-05
40402,Relative Hotdog,Enterprise,Americas,Americas,2022-04-07
19562,Internalized Fuel,SMB,International,Japan,2021-08-12
88324,Ravish Lime,SMB,International,UKI,2017-11-10
52094,Sprinted Restaurant Share,Enterprise,International,Central,2020-03-22
6011,Census Miserable,SMB,Americas,Americas,2019-08-21
85791,Rely Bottom,SMB,Americas,Americas,2019-10-09
65991,Scaffold Upbraids,SMB,Americas,Americas,2019-04-13
52813,Tropical Notorious,SMB,International,Central,2018-04-20
26729,Constraint Spend,SMB,International,UKI,2020-01-22
47334,Genuine,Enterprise,Americas,Americas,2017-11-23
88856,Preach,SMB,Americas,Americas,2018-02-07
19401,Conspire Deposit Stable,SMB,International,UKI,2019-08-20
1980,Taught Pattern,SMB,International,UKI,2018-12-07
46431,Flybys Grungy,Enterprise,International,Western,2020-08-08
97074,Attenuation Cherished,SMB,International,Central,2018-01-25
98121,Someone Experiment,SMB,Americas,Americas,2018-12-27
35964,Title Determined,SMB,Americas,Americas,2021-06-18
46598,Lazied,SMB,Americas,Americas,2017-11-16
45264,Votes,SMB,Americas,Americas,2021-05-17
36738,Notables Bulb,Enterprise,Americas,Americas,2022-02-10
30495,Paint,Enterprise,Americas,Americas,2020-01-02
22341,Someone Cake,SMB,International,Central,2021-02-02
945,Railroad Railroad,SMB,International,UKI,2021-05-31
57101,Radio Banner,SMB,International,Central,2019-08-26
64564,Article Bathroom,SMB,Americas,Americas,2019-11-21
27299,Prepares,SMB,Americas,Americas,2018-09-24
66052,Routinize Split,SMB,International,Japan,2021-05-17
4264,Arrow Diamond Feline,SMB,International,Central,2021-10-25
70022,Ingot Preach,SMB,International,APAC,2020-11-14
27737,Plastering Mariachis,SMB,Americas,Americas,2021-11-15
17608,Fuel Fairways,SMB,Americas,Americas,2018-08-06
70497,Match Difficult Achieve,SMB,International,UKI,2018-10-04
21029,Runner Demarcating Weapon,SMB,International,UKI,2019-12-22
53851,Express Absence,SMB,International,Western,2021-08-02
76860,Speech Lamp,Enterprise,International,UKI,2017-11-28
43171,Sunflower Migrations,SMB,Americas,Americas,2021-09-18
33244,Plastering Gees,SMB,Americas,Americas,2019-05-19
18947,Incredible Consumer Chair,SMB,International,Central,2021-03-10
9442,Workshop Trenchant,SMB,International,Japan,2021-11-25
70642,Demarcating Monitor,SMB,International,Western,2021-02-18
42955,Cake Pivots,SMB,International,UKI,2022-01-31
43336,Pivots Pier,SMB,Americas,Americas,2020-09-16
44545,Timetable Trench Grungy,SMB,Americas,Americas,2020-12-31
31133,Innovation Stride,SMB,International,Central,2020-11-13
35932,Dome Proportional,SMB,International,APAC,2020-10-09
51765,Grungy Jesting Privy,SMB,International,APAC,2018-11-11
71165,Plane Stokers,SMB,Americas,Americas,2020-05-23
87286,Small Footnoting Laser,SMB,International,UKI,2019-01-14
22350,Delivery Care,Enterprise,International,UKI,2022-03-08
2002,Mayor Flowers,SMB,Americas,Americas,2019-09-22
41595,Arrow Ceremony,SMB,International,Central,2018-10-09
32355,Code,Enterprise,International,APAC,2021-03-10
73145,Debt,SMB,International,UKI,2019-10-14
20333,Difficult City,Enterprise,International,UKI,2019-10-18
79180,Proficients Slump,SMB,International,UKI,2018-08-22
99447,Wimpled Bootblack,SMB,International,UKI,2021-09-27
68444,Blinder Paint,SMB,International,UKI,2018-07-30
79072,Trait Enter Resource,SMB,Americas,Americas,2019-09-11
37818,Unrest Diamond Absence,Enterprise,International,Central,2021-04-10
6568,Loopy Cherished Proud,Enterprise,Americas,Americas,2020-04-13
82355,Nesting Inspector Modernize,SMB,International,UKI,2019-11-17
37962,Striker Taps,Enterprise,Americas,Americas,2018-11-26
39673,Mornings Galloped Custody,Enterprise,International,UKI,2021-08-31
8367,Blinder Expand,Enterprise,International,UKI,2020-10-12
76831,Explain Bury,Enterprise,Americas,Americas,2019-05-02
51214,Pit Refused,SMB,International,Japan,2021-12-04
88773,Curios,SMB,Americas,Americas,2022-02-11
76067,Surfeiting Dialogue,SMB,Americas,Americas,2017-12-31
39756,Coexists Enhance,SMB,International,APAC,2019-06-05
70375,Abandon Fairways,SMB,Americas,Americas,2020-04-24
2354,Respect Submersible,SMB,Americas,Americas,2022-02-08
82973,Visibility Half,SMB,Americas,Americas,2020-10-15
55725,Continuation Meadowlark,Enterprise,International,UKI,2019-07-12
93212,Pattern,SMB,International,Japan,2021-06-11
8361,Stokers Banner,SMB,International,UKI,2017-12-23
86979,Ladings Degree Machinery,SMB,Americas,Americas,2018-03-03
42661,Nestling Reoccupy,SMB,International,UKI,2022-03-17
4455,Modernize Heart,SMB,Americas,Americas,2019-09-23
42150,Faint Cheat,Enterprise,International,UKI,2020-10-19
47897,Rippling Votes,SMB,Americas,Americas,2022-01-29
59973,Breast,SMB,Americas,Americas,2020-04-21
42219,Dimension Alleging,SMB,Americas,Americas,2019-05-29
24299,Attenuation Gilding,SMB,Americas,Americas,2021-06-26
80880,Surfeiting Melancholics,SMB,Americas,Americas,2017-12-13
92474,Pricy Gargoyles,Enterprise,International,Central,2019-11-09
15168,Pit Royalty,SMB,Americas,Americas,2019-04-15
90533,Footnoting,SMB,Americas,Americas,2022-01-15
6683,Match Fief,SMB,International,UKI,2018-03-07
92750,Taps Hoteliers,SMB,International,Western,2020-01-23
28882,Sprinted Back,SMB,International,Central,2022-02-04
88700,Sequestered Guideline,SMB,International,UKI,2018-11-10
56889,Vertical Statement,SMB,International,UKI,2019-04-20
45893,Neighbour Rely,SMB,Americas,Americas,2020-10-11
56223,Unsatisfactory Hyphenation,Enterprise,Americas,Americas,2018-01-12
6444,Look Wimpled,SMB,Americas,Americas,2021-06-01
21295,Statement Understanding Blank,SMB,Americas,Americas,2021-12-05
16579,Expertise Noncombatants Sprinted,SMB,Americas,Americas,2019-11-21
3924,Slimiest,SMB,Americas,Americas,2018-05-28
87568,Misjudged Tilt Queen,SMB,Americas,Americas,2018-07-14
61789,Fuel Arrow,SMB,Americas,Americas,2019-03-21
35266,End Vision,SMB,Americas,Americas,2020-08-04
72846,Innovation Methodology Beautiful,SMB,Americas,Americas,2019-09-08
88408,Knock,SMB,International,Central,2020-07-26
77224,Share Plead,SMB,International,UKI,2021-02-22
33334,Deploying Refresher,SMB,Americas,Americas,2021-06-16
51399,Suspect Relative,SMB,Americas,Americas,2020-07-01
62096,Roar Flybys Spill,SMB,International,Western,2021-09-06
14218,Votes Lot,SMB,International,UKI,2020-11-16
66698,Cage Migrations,SMB,International,UKI,2022-05-03
4615,Determined Mariachis Exhibition,SMB,Americas,Americas,2019-09-30
42688,End Unrest,SMB,Americas,Americas,2022-04-06
79621,Someone Pier,SMB,International,UKI,2019-10-24
50597,Shirking Revive Treaty,SMB,Americas,Americas,2022-01-09
21461,Lot,Enterprise,International,Central,2017-12-30
16032,Taught Freeze,SMB,Americas,Americas,2020-12-10
15592,Title Delivery,SMB,International,Central,2022-03-30
30500,Gees Flybys,SMB,Americas,Americas,2022-02-20
42180,Complex Speech,Enterprise,International,UKI,2020-11-16
92437,Dynamic,SMB,International,UKI,2021-11-11
50173,Abandon,SMB,Americas,Americas,2020-05-24
57482,Welling Beekeeper,SMB,International,UKI,2020-11-07
32281,Expertise Clambake Bathroom,SMB,Americas,Americas,2020-11-13
84744,Small Beholding,Enterprise,Americas,Americas,2019-11-16
76094,Militarization Expertise,SMB,Americas,Americas,2021-12-15
97300,Coexists Dialogue,SMB,Americas,Americas,2019-03-28
43256,Machinery Roar,SMB,International,UKI,2018-12-28
52468,Ritualism Ceremony Delivery,SMB,International,Japan,2020-04-17
48231,Refund Laser,SMB,Americas,Americas,2020-01-15
88226,Custody Determined Decoration,SMB,International,Central,2019-01-24
40534,Plastering Dynamic,SMB,Americas,Americas,2020-11-20
28737,Sow Imperilling,SMB,International,UKI,2021-03-02
13593,Switch Radio,SMB,Americas,Americas,2020-07-05
35702,Bulb Blank,SMB,International,UKI,2020-05-28
48066,Applied Refused,SMB,Americas,Americas,2020-05-22
71766,Clarify Chigger,SMB,International,Central,2020-01-20
78866,Bitter Goal,SMB,Americas,Americas,2020-05-30
56544,Headwords Radio,SMB,Americas,Americas,2019-12-17
54231,Welling Odoriferous,SMB,Americas,Americas,2019-09-03
5182,Combining Expand Extemporaneous,SMB,International,Central,2021-03-02
78181,Shirking Votes Pivots,SMB,International,UKI,2020-11-20
58642,Plane Cage,SMB,International,UKI,2018-03-26
71878,Kitten,SMB,International,Central,2019-10-09
56280,Striker City Monkeys,SMB,Americas,Americas,2018-01-29
20452,Speech Genuine,Enterprise,Americas,Americas,2019-07-16
51656,Understanding Epsilon Hierarchy,SMB,International,Central,2021-02-18
94904,Cornerstones Express Ritualism,Enterprise,Americas,Americas,2020-09-24
87521,Fade Bay Jesting,SMB,International,Central,2022-03-10
5698,Conception Sow,Enterprise,International,APAC,2018-04-16
80432,Modernize Sawn Code,SMB,International,UKI,2020-12-20
46279,Hair Plated Drooping,SMB,Americas,Americas,2019-02-01
86267,Enter Weapon,Enterprise,International,Western,2018-01-15
54786,Fief Innovation,Enterprise,International,UKI,2020-05-16
3419,Dome Cell,Enterprise,Americas,Americas,2021-12-24
78420,Visibility Cornerstones,SMB,Americas,Americas,2020-07-19
8176,Upbraids Chunky,SMB,International,UKI,2022-01-02
14613,Genuine Experiment Modernize,Enterprise,Americas,Americas,2018-11-25
28193,Cupboard Sow,SMB,International,Western,2021-04-05
47230,Soundproofing Dynamic,SMB,International,UKI,2018-05-03
65369,Gees Weapon,SMB,International,Central,2018-12-12
23580,Imperilling Trench,Enterprise,Americas,Americas,2020-11-09
1896,Reeks Custody,SMB,International,Western,2018-02-15
39032,Faint Resource,SMB,Americas,Americas,2021-01-30
52241,Arrow Arrow,SMB,International,UKI,2021-09-27
98871,Absence,SMB,Americas,Americas,2020-02-11
96788,Engine Steward,SMB,Americas,Americas,2019-06-23
26573,Footnote Machinery,SMB,Americas,Americas,2020-07-22
57266,Carmines Stable,SMB,Americas,Americas,2018-08-30
37737,Stable Latch,Enterprise,International,Central,2018-02-07
1947,Expand Radio,SMB,Americas,Americas,2021-06-03
33346,Induct Importing,SMB,Americas,Americas,2019-09-14
34801,Dynamic Indulge,SMB,International,UKI,2018-04-16
57813,Staling Tropical,SMB,Americas,Americas,2018-06-09
83160,Uncorking Genuine,SMB,International,UKI,2018-08-08
65814,Freeze Preach,SMB,International,UKI,2019-01-22
60024,Express Paint,SMB,International,Western,2019-09-01
99945,Grindstone Background,SMB,International,UKI,2018-06-25
49757,Resident Breeze Determined,SMB,International,Western,2018-07-27
67755,Uncorking Visibility,Enterprise,International,Japan,2018-11-03
51647,Hotdog Misjudged,SMB,International,Central,2017-11-22
52211,Bury Debt Rely,SMB,Americas,Americas,2021-11-07
40364,Paint Continuous,SMB,Americas,Americas,2018-01-22
29430,Pealing Microeconomics,SMB,Americas,Americas,2018-09-09
38891,Hierarchy Faint,SMB,International,Central,2020-07-22
49839,Software Evoke,Enterprise,Americas,Americas,2019-09-03
30959,Quote,Enterprise,International,UKI,2021-07-24
93464,Wrests Fixate Silence,Enterprise,Americas,Americas,2021-02-20
41404,Headwords Consultant,SMB,Americas,Americas,2018-08-08
18243,Inappropriate,SMB,Americas,Americas,2018-01-16
49329,Gilding Hoteliers,SMB,International,Central,2021-09-18
49631,Royalty,SMB,International,UKI,2018-03-22
75436,Refused,SMB,International,Western,2021-07-10
66016,Guideline Engine,SMB,International,Western,2022-03-12
47705,Custody Loopy Speech,SMB,Americas,Americas,2019-09-21
2659,Cage,SMB,International,UKI,2020-09-29
53255,Penalty Deposit,SMB,Americas,Americas,2022-01-15
19939,Plane Beautiful,SMB,Americas,Americas,2019-12-18
54479,Relative Lamp,SMB,Americas,Americas,2019-08-06
58042,Hyphenation Poinsettias,SMB,International,APAC,2019-12-18
73905,Millinery Coat Routinize,Enterprise,International,UKI,2021-02-10
63294,Stock Conspire,SMB,Americas,Americas,2017-12-31
11687,Fief Internalized,SMB,International,UKI,2020-06-27
9845,Mornings Submersible Plot,SMB,International,UKI,2021-08-21
57796,Balloted Article,SMB,Americas,Americas,2019-01-24
83934,Bulb Transparencies,SMB,Americas,Americas,2017-11-12
10261,Routinize Enter,Enterprise,International,Western,2020-09-17
96887,Deny,SMB,International,Japan,2022-01-17
35013,Guess Deploying,SMB,International,Central,2019-11-27
83406,Beautiful Lot,SMB,Americas,Americas,2020-08-15
83004,Treaty Spontaneous,Enterprise,International,Western,2018-04-20
15513,Software Lipid,SMB,Americas,Americas,2021-12-12
68631,Machinery Cell,SMB,International,Central,2018-12-22
3306,Inappropriate Reoccupy Patch,Enterprise,Americas,Americas,2018-12-29
1145,Enhance,SMB,Americas,Americas,2021-02-12
48033,Plastering Childishly,SMB,International,Western,2018-09-17
6233,Dynamic Methodology,SMB,Americas,Americas,2019-11-18
4285,Slump Wardrobe Fatefully,Enterprise,Americas,Americas,2021-04-19
88372,Abandon Exhibition,SMB,International,UKI,2021-03-12
23941,Patch Carmines Settle,SMB,International,Japan,2020-08-21
93450,Experiment Votes,SMB,International,Central,2019-12-28
88578,Goal Footnote,SMB,Americas,Americas,2018-11-11
60542,Uncorking Statement Hoists,SMB,International,Japan,2020-06-10
39634,Bobolinks Dimension,SMB,International,Central,2018-02-25
6449,Flybys Enter Beekeeper,Enterprise,International,Western,2020-09-14
33441,Meadowlark Alleging,SMB,International,UKI,2020-12-24
45277,Pier Achieve,SMB,Americas,Americas,2019-03-05
30218,Lipid Clambake,SMB,International,Western,2020-02-21
84793,Steeds Carmines,SMB,Americas,Americas,2018-04-24
73995,Wardrobe Split Settle,SMB,International,APAC,2019-06-03
25777,Predestine,SMB,International,UKI,2021-08-16
80760,Experiment Metric,SMB,International,Western,2022-03-20
9502,Arrow Achieve Millinery,SMB,Americas,Americas,2021-10-24
18784,Routinize Node,SMB,Americas,Americas,2019-03-16
26640,Bay Blinder,SMB,International,UKI,2018-10-12
27477,Match Militarization,SMB,Americas,Americas,2020-01-17
29936,Chunky Notables,SMB,Americas,Americas,2019-08-03
39454,Privy Sweater,SMB,International,UKI,2021-06-18
93114,Soundproofing Dragon,SMB,International,Western,2021-05-24
632,Resource Ceremony,SMB,Americas,Americas,2019-03-27
23954,Financial Habit,SMB,International,Western,2018-05-17
89256,Flying Pit,SMB,International,Central,2021-01-17
56131,Seasonal Junior,SMB,International,Central,2020-12-12
43652,Swashing Permanent Experiment,Enterprise,Americas,Americas,2020-08-04
40015,Prepares Artist Experiment,SMB,International,Japan,2019-09-15
39568,Deposit Image,SMB,International,Central,2019-04-23
28987,Demarcating Sign Rig,SMB,International,UKI,2020-08-09
50556,Flying,SMB,Americas,Americas,2021-01-14
28204,Verdigrised Peace,SMB,International,UKI,2021-09-18
4625,Surfeiting Cage,SMB,Americas,Americas,2020-07-02
30326,Hardens Comprehensive,SMB,International,Western,2019-10-06
99074,Metric Queen,SMB,Americas,Americas,2021-03-04
56669,Routinize Grungy,SMB,Americas,Americas,2020-05-14
7457,Goal Queen,SMB,International,UKI,2019-01-23
89198,Pastel Debt,SMB,International,UKI,2022-04-12
38327,Rejoicing,SMB,International,UKI,2022-05-03
89183,Cupboard Bottom,SMB,Americas,Americas,2019-02-06
21392,Footnote Vision Enter,SMB,International,UKI,2019-07-15
97926,Peace,SMB,International,Western,2021-04-06
98266,Beautiful Incredible,SMB,Americas,Americas,2019-11-12
5667,Stable Ritualism Welling,SMB,International,UKI,2021-06-09
61909,Machinery Misjudged,Enterprise,International,Central,2021-10-18
99580,Kitten Rig Patch,SMB,Americas,Americas,2019-10-28
42258,Drawing Monkeys,Enterprise,Americas,Americas,2021-09-08
92814,Lot Constraint,SMB,Americas,Americas,2017-12-30
55980,Cheat Taps,Enterprise,Americas,Americas,2018-11-24
13472,End Reeks Stride,SMB,International,Western,2022-01-31
76069,Concentrates Diamond Blinder,SMB,Americas,Americas,2021-07-16
67511,Rig Code,SMB,Americas,Americas,2020-01-09
30037,Stable Long,Enterprise,Americas,Americas,2019-12-02
43691,Sprinted,SMB,International,UKI,2021-01-20
69228,Innovation Pilasters,SMB,International,Central,2018-11-15
12341,Bulb Custody Lime,SMB,International,Japan,2020-12-11
64405,Ally Railroad,SMB,International,Western,2018-06-25
83258,Distensions,SMB,International,UKI,2019-08-04
61529,Pier Split,SMB,Americas,Americas,2018-11-14
99501,Unsatisfactory Complex Pit,SMB,Americas,Americas,2021-12-17
67873,Grungy,SMB,International,UKI,2021-12-05
9665,Bobolinks Hoteliers,SMB,International,Central,2019-10-28
72878,Spill Conception Surest,SMB,Americas,Americas,2019-03-11
34632,Reoccupy Gardened Miracle,SMB,International,Japan,2021-12-31
94741,Carmines,SMB,International,UKI,2018-01-27
48793,Drawing Upbraids,SMB,International,UKI,2020-01-28
52562,Revenge Expect,SMB,International,UKI,2019-06-15
11225,Mariachis Hotdog,SMB,Americas,Americas,2022-01-16
6512,Difficult Bucket,SMB,Americas,Americas,2020-10-01
13401,Perambulate,SMB,International,APAC,2020-04-25
80370,Enhance Spontaneous,SMB,Americas,Americas,2018-12-28
50335,Figure Dozen,SMB,Americas,Americas,2018-10-04
47874,Ritualism Lean Professional,SMB,Americas,Americas,2019-08-22
6120,Node Timetable,SMB,International,UKI,2022-01-30
87161,Twice Refund,SMB,Americas,Americas,2018-03-14
85498,Chair Potbellies,Enterprise,Americas,Americas,2021-04-16
93345,Disjointed Reeks Mornings,SMB,Americas,Americas,2020-07-19
58215,Quote Refused,SMB,Americas,Americas,2017-12-28
64651,Combining Look Trait,SMB,International,UKI,2019-02-08
83831,Ladings Nestling,Enterprise,Americas,Americas,2020-01-16
